dob,name,wage,weekwage,height,weight,wins,fouls,goals,losses,red_card,total_pass,appearances,goal_assist,yellow_card,att_hd_goal,att_lf_goal,att_rf_goal,total_cross,hit_woodwork,interception,total_tackle,total_offside,total_clearance,big_chance_created,blocked_scoring_att,effective_head_clearance,error_lead_to_goal,accurate_long_balls,duel_won,duel_lost,aerial_won,won_tackle,aerial_lost,won_contest,ball_recovery,accurate_cross,total_through_ball,att_pen_goal,att_freekick_goal,big_chance_missed,total_scoring_att,ontarget_scoring_att,own_goals,clean_sheet,goals_conceded,last_man_tackle,clearance_off_line,saves,punches,goal_kicks,penalty_save,keeper_throws,good_high_claim,total_keeper_sweeper,stand_catch_dive_catch
12/1/94,Aaron Cresswell," £50,000.00 ", £50.00 ,184cm,82kg,29,68,0.03,16,1,51.97,60,0,11,0,0,2,26,1,102,158,5,121,8,13,61,3,191,366,287,87,85%,71,74,358,8%,8,0,0,0,47,36%,,,,,,,,,,,,,
8/20/85,Aaron Lennon," £50,000.00 ", £50.00 ,186cm,86kg,23,32,0.26,8,0,18.13,39,5,1,3,6,1,20,2,3,15,18,31,8,13,26,,,,,,,,,,,,0,1,16,72,39%,,,,,,,,,,,,,
12/31/96,Aaron Ramsey," £110,000.00 ", £110.00 ,178cm,80kg,0,0,0,0,0,0,0,0,0,0,0,0,0,0,0,0,0,0,0,0,0,0,0,0,0,0,0%,0,0,0,0%,0,,,,,,0,0,0,0,0,,,,,,,,
11/5/92,Abdoulaye Doucour√©," £20,000.00 ", £20.00 ,199cm,91kg,32,3,0,10,2,22.37,62,0,3,,,,,,,,,,,,,3,383,,,,,,,,,,,,,,,0,19,68,,,151,31,429,1,281,108,33,26
11/16/78,Adam Federici," £30,000.00 ", £30.00 ,190cm,86kg,7,0,0,15,0,15.14,29,0,0,,,,,,,,,,,,,2,94,,,,,,,,,,,,,,,0,4,40,,,92,24,234,0,131,32,3,10
2/10/85,Adam Lallana," £55,000.00 ", £55.00 ,186cm,79kg,17,65,0.1,37,0,16.64,72,4,9,1,5,1,141,2,77,173,23,76,6,29,49,0,35,335,383,63,71%,105,51,264,28%,4,0,0,3,81,30%,,,,,,,,,,,,,
9/9/84,Adam Smith," £17,500.00 ", £17.50 ,193cm,94kg,32,3,0,80,0,24.52,146,1,7,,,,,,,,,,,,,11,"1,211",,,,,,,,,,,,,,,0,27,242,,,441,80,"1,319",2,551,324,84,63
1/12/88,Adnan Januzaj," £60,000.00 ", £60.00 ,193cm,82kg,0,6,0,4,0,35.2,5,0,1,0,0,0,0,0,21,9,1,45,0,0,22,1,19,41,15,22,44%,5,4,34,0%,0,,,,,,0,0,10,0,0,,,,,,,,
7/28/81,Adrian Mariappa," £7,000.00 ", £7.00 ,188cm,74kg,254,164,0.05,111,0,38.63,456,40,39,1,6,10,197,5,540,681,1,469,14,88,121,1,"1,481","1,079",715,104,70%,93,77,"1,587",29%,90,0,0,0,229,24%,,,,,,,,,,,,,
2/22/84,Ahmed Musa," £65,000.00 ", £65.00 ,185cm,91kg,145,292,22,50,2,38.75,254,20,55,7,2,13,519,8,392,527,18,"1,135",20,40,531,2,655,"1,422",910,583,81%,322,106,"1,154",20%,12,,,,,,0,86,236,6,5,,,,,,,,
5/28/92,Alberto Moreno," £65,000.00 ", £65.00 ,177cm,71kg,24,15,0.02,11,0,23.78,40,1,4,0,1,0,18,0,27,38,0,21,1,4,6,0,42,53,78,4,66%,21,7,75,17%,3,0,0,0,10,30%,,,,,,,,,,,,,
3/27/92,Aleksandar Kolarov," £69,000.00 ", £69.00 ,185cm,75kg,13,23,26,3,0,19.96,26,1,4,0,0,0,4,0,39,46,0,24,1,3,12,0,30,103,86,32,76%,22,14,88,25%,2,0,0,0,8,13%,,,,,,,,,,,,,
2/27/92,Alex Iwobi," £30,000.00 ", £30.00 ,180cm,66kg,5,28,0.35,11,0,10.25,20,0,0,1,0,6,7,2,3,9,9,1,2,10,1,,,,,,,,,,,,1,0,2,29,41%,,,,,,,,,,,,,
3/1/94,Alex McCarthy," £40,000.00 ", £40.00 ,180cm,65kg,0,0,0,0,0,0,0,0,0,0,0,0,0,0,0,0,0,0,0,0,0,0,0,0,0,0,0%,0,0,0,0%,0,,,,,,0,0,0,0,0,,,,,,,,
1/23/87,Alex Oxlade-Chamberlain," £65,000.00 ", £65.00 ,183cm,73kg,28,35,0.09,26,0,28.1,70,1,2,2,3,1,50,0,142,126,4,127,2,5,53,2,82,266,242,69,72%,102,22,332,18%,0,0,0,2,32,31%,,,,,,,,,,,,,
6/25/91,Alex Palmer," £2,000.00 ", £2.00 ,186cm,83kg,0,3,4,3,0,13.25,4,0,2,0,0,0,1,0,3,2,2,1,0,1,0,,,,,,,,,,,,0,0,0,6,6%,,,,,,,,,,,,,
1/22/87,Alexis S√°nchez," £140,000.00 ", £140.00 ,178cm,70kg,75,279,0.2,95,0,15.08,213,18,18,12,10,20,234,13,97,161,138,108,16,32,50,,,,,,,,,,,,1,0,42,279,41%,,,,,,,,,,,,,
1/13/84,Alfie Mawson," £25,000.00 ", £25.00 ,180cm,79kg,87,256,0.02,97,1,40.05,254,11,41,0,0,4,393,5,435,487,2,481,8,61,184,0,843,913,900,207,69%,141,56,"1,395",31%,28,0,0,1,174,14%,,,,,,,,,,,,,
10/27/94,Ander Herrera," £115,000.00 ", £115.00 ,190cm,92kg,17,15,1,8,0,26.21,38,1,0,1,0,0,5,1,43,47,2,168,1,3,81,0,50,153,70,91,70%,40,8,100,20%,0,,,,,,0,12,28,0,0,,,,,,,,
2/12/90,Andr√© Ayew," £80,000.00 ", £80.00 ,183cm,77kg,22,72,0.09,32,2,22.14,77,10,8,1,5,1,188,4,59,109,9,35,10,27,15,0,72,305,422,31,77%,74,81,250,24%,52,0,0,5,101,28%,,,,,,,,,,,,,
1/30/81,Andrew Surman," £35,000.00 ", £35.00 ,201cm,75kg,152,360,0.24,137,1,19.35,407,54,29,34,6,30,56,20,105,126,139,385,29,85,179,,,,,,,,,,,,0,0,39,579,40%,,,,,,,,,,,,,
6/17/90,Andros Townsend," £55,000.00 ", £55.00 ,182cm,67kg,107,197,0.1,71,1,45.72,234,34,26,0,5,19,624,5,317,450,28,261,34,77,103,1,680,779,880,142,71%,177,100,"1,156",25%,103,1,2,14,282,29%,,,,,,,,,,,,,
10/11/92,Andy Carroll," £90,000.00 ", £90.00 ,180cm,66kg,25,101,0.08,38,0,14.35,85,5,10,0,1,6,270,2,59,125,20,19,11,31,5,0,37,587,665,27,82%,56,275,417,21%,7,0,0,9,91,34%,,,,,,,,,,,,,
12/23/96,Andy King," £40,000.00 ", £40.00 ,179cm,60kg,0,0,0,0,0,0,0,0,0,0,0,0,0,0,0,0,0,0,0,0,0,0,0,0,0,0,0%,0,0,0,0%,0,0,0,0,0,0%,,,,,,,,,,,,,
4/8/85,Angel Rangel," £32,000.00 ", £32.00 ,181cm,83kg,144,354,20,70,3,37.53,267,42,39,2,1,17,"1,278",5,345,640,55,232,34,76,78,1,335,"1,419","1,527",184,78%,333,361,"1,310",26%,53,,,,,,0,79,213,1,2,,,,,,,,
6/5/90,Angelo Ogbonna," £60,000.00 ", £60.00 ,188cm,78kg,26,69,6,41,0,29.2,95,2,13,5,1,0,188,3,199,152,5,469,5,18,260,0,201,521,342,289,74%,166,16,367,22%,3,,,,,,1,25,122,1,3,,,,,,,,
5/3/85,Angus Gunn," £4,000.00 ", £4.00 ,191cm,83kg,7,0,0,24,0,20.54,39,0,2,,,,,,,,,,,,,3,201,,,,,,,,,,,,,,,0,7,80,,,165,9,413,0,171,64,20,22
11/27/98,Anthony Martial," £110,000.00 ", £110.00 ,184cm,76kg,0,0,0,0,0,0,0,0,0,0,0,0,0,0,0,0,0,0,0,0,0,0,0,0,0,0,0%,0,0,0,0%,0,0,0,0,0,0%,,,,,,,,,,,,,
1/1/93,Antonio Valencia," £85,000.00 ", £85.00 ,181cm,79kg,25,52,1,8,0,40.75,40,2,9,0,0,1,41,1,70,110,1,121,2,2,66,1,47,209,227,46,74%,47,23,205,17%,2,,,,,,0,8,47,0,0,,,,,,,,
6/3/94,Arthur Masuaku," £40,000.00 ", £40.00 ,173cm,69kg,15,51,0.11,42,0,25.04,76,6,3,0,1,7,283,5,50,88,16,20,13,36,6,0,73,300,372,12,75%,48,129,247,23%,7,0,0,5,140,35%,,,,,,,,,,,,,
9/29/84,Artur Boruc," £40,000.00 ", £40.00 ,198cm,90kg,85,48,5,30,2,50.48,149,1,11,5,0,0,4,2,254,146,3,805,1,14,413,3,303,602,275,380,74%,166,16,722,25%,1,,,,,,0,57,150,14,1,,,,,,,,
9/14/97,Ashley Barnes," £25,000.00 ", £25.00 ,185cm,75kg,0,0,0,0,0,0,0,0,0,0,0,0,0,0,0,0,0,0,0,0,0,,,,,,,,,,,,0,0,0,0,0%,,,,,,,,,,,,,
6/18/88,Ashley Fletcher," £4,000.00 ", £4.00 ,186cm,75kg,1,3,0.67,0,0,22.33,3,0,0,2,0,0,1,1,0,1,1,0,0,1,0,,,,,,,,,,,,0,0,1,5,60%,,,,,,,,,,,,,
4/16/86,Ashley Williams," £70,000.00 ", £70.00 ,174cm,76kg,23,35,0.12,5,0,15.37,41,0,1,1,1,3,9,2,16,40,10,6,2,13,3,,,,,,,,,,,,0,0,8,53,28%,,,,,,,,,,,,,
2/12/94,Ashley Young," £120,000.00 ", £120.00 ,178cm,72kg,0,5,0,3,0,20.75,4,0,1,0,0,0,5,0,7,13,0,9,0,0,2,0,5,25,18,5,77%,4,4,19,20%,0,,,,,,0,0,6,0,0,,,,,,,,
11/26/90,Asmir Begovic," £60,000.00 ", £60.00 ,185cm,72kg,16,12,1,4,1,45.89,27,1,4,1,0,0,0,1,80,46,0,155,0,2,62,1,41,128,66,68,67%,36,3,165,0%,2,,,,,,0,11,20,4,0,,,,,,,,
12/6/92,Bakary Sako," £55,000.00 ", £55.00 ,171cm,71kg,62,65,0.21,25,1,43.42,114,24,7,0,4,20,266,9,67,199,23,41,39,133,8,0,204,606,719,24,80%,109,252,558,23%,124,0,1,13,373,30%,,,,,,,,,,,,,
7/4/86,Ben Chilwell," £20,000.00 ", £20.00 ,186cm,86kg,23,38,0,4,0,37.87,39,5,5,0,0,0,143,0,111,113,0,141,9,8,63,0,113,203,161,68,81%,41,10,258,27%,4,,,,,,0,18,31,0,1,,,,,,,,
9/7/85,Ben Foster," £60,000.00 ", £60.00 ,180cm,65kg,131,308,0.15,73,1,26.72,286,62,48,0,1,43,"2,271",15,296,395,95,201,40,141,45,0,425,"1,289","1,431",89,75%,119,254,"1,039",22%,102,5,5,22,499,33%,,,,,,,,,,,,,
3/5/96,Ben Hamer," £12,000.00 ", £12.00 ,180cm,75kg,10,4,0.11,3,0,30.5,18,5,1,0,0,2,11,1,4,13,2,1,4,7,1,0,11,45,54,3,77%,8,20,63,11%,5,0,0,0,23,35%,,,,,,,,,,,,,
2/4/87,Ben Mee," £28,000.00 ", £28.00 ,180cm,72kg,9,10,0.12,14,0,19.27,26,2,1,0,0,3,45,1,16,32,1,13,1,5,6,0,18,106,129,14,75%,31,32,69,16%,1,0,0,2,22,50%,,,,,,,,,,,,,
4/1/98,Benik Afobe," £27,000.00 ", £27.00 ,188cm,78kg,0,0,0,0,0,0,0,0,0,0,0,0,0,0,0,0,0,0,0,0,0,0,0,0,0,0,0%,0,0,0,0%,0,0,0,0,0,0%,,,,,,,,,,,,,
11/22/85,Boaz Myhill," £26,000.00 ", £26.00 ,185cm,80kg,8,18,0.23,20,0,16.35,31,1,0,1,1,5,9,1,3,11,30,25,1,5,13,,,,,,,,,,,,0,0,6,37,54%,,,,,,,,,,,,,
3/4/83,Bojan," £48,000.00 ", £48.00 ,193cm,79kg,63,9,0,90,0,23.05,220,0,7,,,,,,,,,,,,,13,"1,504",,,,,,,,,,,,,,,0,58,299,,,738,77,"2,060",6,907,354,113,193
8/17/82,Brad Smith," £25,000.00 ", £25.00 ,183cm,83kg,123,137,14,93,0,41.13,308,7,17,8,0,6,125,7,538,627,3,"2,621",7,35,888,6,"1,595","1,570",773,624,76%,394,33,"1,399",30%,11,,,,,,6,95,331,22,6,,,,,,,,
5/10/87,Brahim Diaz," £8,000.00 ", £8.00 ,179cm,68kg,46,96,0.22,33,2,19.32,118,15,12,2,4,20,438,7,45,95,57,23,19,88,8,0,104,346,537,17,76%,73,132,299,27%,10,0,3,15,257,36%,,,,,,,,,,,,,
10/12/85,Branislav Ivanovic," £143,000.00 ", £143.00 ,185cm,83kg,56,287,0.18,70,3,35.89,174,22,41,2,27,3,799,4,180,285,2,197,36,106,76,2,689,865,910,183,79%,132,144,890,22%,54,10,2,5,364,28%,,,,,,,,,,,,,
2/14/83,Bruno Martins Indi," £17,000.00 ", £17.00 ,176cm,72kg,142,158,4,47,1,51.56,254,19,28,3,0,1,989,0,423,502,1,"1,186",19,23,457,3,401,"1,444",886,594,73%,338,89,"1,133",19%,17,,,,,,0,90,247,6,1,,,,,,,,
1/14/82,C√©dric Soares," £65,000.00 ", £65.00 ,183cm,78kg,0,0,0,3,0,30.43,7,0,0,,,,,,,,,,,,,0,67,,,,,,,,,,,,,,,0,1,10,,,16,3,66,0,18,4,5,2
12/13/84,Calum Chambers," £45,000.00 ", £45.00 ,168cm,66kg,77,67,0.2,24,1,66.46,128,35,12,1,10,14,594,5,172,212,8,68,43,111,26,2,433,652,640,19,76%,60,265,859,24%,128,8,0,8,313,36%,,,,,,,,,,,,,
3/10/81,Cameron Carter-Vickers," £20,000.00 ", £20.00 ,195cm,95kg,3,12,0.57,2,0,32.86,7,0,2,1,0,3,4,0,3,8,8,4,3,10,3,,,,,,,,,,,,1,0,5,36,33%,,,,,,,,,,,,,
1/2/90,Carl Jenkinson," £45,000.00 ", £45.00 ,178cm,71kg,36,55,0.09,34,1,21.41,86,1,10,1,2,5,63,2,89,126,3,46,2,19,15,1,62,294,325,53,70%,63,50,249,30%,13,0,0,7,78,31%,,,,,,,,,,,,,
1/17/83,Charlie Adam," £35,000.00 ", £35.00 ,184cm,79kg,38,87,2,8,0,38.43,68,3,15,0,1,1,128,0,130,213,4,298,0,3,79,1,96,379,264,57,78%,39,26,317,23%,4,,,,,,0,30,52,1,1,,,,,,,,
4/14/89,Charlie Daniels," £25,000.00 ", £25.00 ,182cm,74kg,0,1,0,2,0,31.5,2,0,0,0,0,0,3,0,4,2,0,4,0,0,3,0,1,6,7,3,100%,4,0,11,67%,0,,,,,,0,0,4,0,0,,,,,,,,
10/11/85,Cheikhou Kouyat√©," £30,000.00 ", £30.00 ,187cm,83kg,90,111,10,30,1,36.99,143,19,21,0,9,1,680,7,186,227,16,337,24,68,172,1,250,639,492,178,75%,123,84,634,26%,8,,,,,,1,39,112,2,0,,,,,,,,
3/12/90,Chris Brunt," £45,000.00 ", £45.00 ,190cm,83kg,40,198,0.44,56,2,29.52,123,11,15,19,7,28,27,5,13,46,142,87,20,79,50,,,,,,,,,,,,7,1,41,327,38%,,,,,,,,,,,,,
7/8/88,Chris Smalling," £70,000.00 ", £70.00 ,184cm,84kg,36,167,1,41,0,37.23,108,5,24,0,1,0,260,0,219,322,2,375,8,6,190,2,179,676,509,194,76%,133,36,481,15%,1,,,,,,0,24,133,2,1,,,,,,,,
10/29/88,Christian Benteke," £120,000.00 ", £120.00 ,183cm,75kg,24,16,0.08,16,0,21.96,53,1,3,0,0,4,24,0,63,74,2,52,3,11,33,0,56,172,121,56,81%,46,18,180,17%,1,0,0,4,35,26%,,,,,,,,,,,,,
5/31/87,Christian Eriksen," £75,000.00 ", £75.00 ,196cm,85kg,0,0,0,0,0,0,0,0,0,,,,,,,,,,,,,0,0,,,,,,,,,,,,,,,0,0,0,,,0,0,0,0,0,0,0,0
3/10/86,Christian Fuchs," £50,000.00 ", £50.00 ,180cm,78kg,20,62,2,47,0,24.53,87,1,16,2,0,0,94,1,152,177,5,470,1,4,173,0,127,437,304,184,73%,129,24,225,23%,2,,,,,,0,17,138,3,6,,,,,,,,
7/1/91,Christian Kabasele," £30,000.00 ", £30.00 ,182cm,77kg,2,4,0.2,2,0,32.6,5,2,2,0,1,0,9,0,3,2,1,1,3,0,0,0,5,9,21,0,100%,3,3,29,44%,0,0,0,1,2,100%,,,,,,,,,,,,,
7/16/91,Claudio Bravo," £115,000.00 ", £115.00 ,181cm,77kg,36,32,0.12,29,0,21.28,82,5,8,0,8,2,332,2,57,137,2,21,10,57,3,1,27,412,417,2,82%,24,186,292,20%,5,1,1,3,162,35%,,,,,,,,,,,,,
3/13/94,Claudio Yacob," £60,000.00 ", £60.00 ,171cm,68kg,22,11,0.09,16,0,15.68,56,11,3,0,2,3,230,0,24,27,9,5,11,8,0,,,,,,,,,,,,0,0,4,45,64%,,,,,,,,,,,,,
12/12/90,Connor Randall," £2,000.00 ", £2.00 ,177cm,75kg,62,118,0.09,56,0,17.59,162,13,10,3,3,9,381,6,97,135,42,33,19,65,16,0,88,669,780,60,74%,113,274,499,22%,15,1,0,19,246,27%,,,,,,,,,,,,,
1/31/92,Connor Wickham," £60,000.00 ", £60.00 ,185cm,79kg,1,1,0.25,2,0,23,4,0,0,1,0,0,1,0,5,4,1,4,0,1,2,0,9,17,20,4,25%,7,2,18,1%,0,0,0,0,4,25%,,,,,,,,,,,,,
7/1/96,Costel Pantilimon," £25,000.00 ", £25.00 ,186cm,86kg,2,2,0.2,2,0,6.2,5,0,1,1,0,0,2,0,1,3,0,1,0,1,1,,,,,,,,,,,,0,0,1,7,57%,,,,,,,,,,,,,
9/20/95,Craig Cathcart," £13,000.00 ", £13.00 ,185cm,90kg,1,2,0,1,0,51.67,3,0,1,0,0,0,0,0,4,4,0,17,0,0,9,0,9,22,13,15,100%,8,2,16,0%,0,,,,,,0,1,5,0,0,,,,,,,,
2/21/92,Daley Blind," £75,000.00 ", £75.00 ,185cm,72kg,72,125,2,33,0,36.76,139,5,22,1,0,1,132,2,312,314,3,735,9,17,360,0,346,755,480,245,73%,169,59,536,21%,13,,,,,,1,37,125,9,1,,,,,,,,
9/8/89,Damien Delaney," £25,000.00 ", £25.00 ,186cm,82kg,5,23,0.17,5,0,9.5,12,0,2,0,0,2,2,0,2,9,5,2,1,3,1,,,,,,,,,,,,0,0,0,16,38%,,,,,,,,,,,,,
12/26/90,Dan Gosling," £20,000.00 ", £20.00 ,178cm,76kg,106,200,0.15,38,0,54.8,188,28,23,1,3,24,221,7,219,384,13,104,31,94,41,1,480,836,"1,016",95,76%,124,177,979,17%,149,0,0,26,330,32%,,,,,,,,,,,,,
3/29/87,Daniel Amartey," £21,000.00 ", £21.00 ,175cm,77kg,15,13,0.29,10,0,42.54,35,15,4,0,0,10,330,3,24,27,3,4,18,28,2,1,85,164,172,2,67%,12,84,176,33%,23,0,2,1,88,35%,,,,,,,,,,,,,
7/20/81,Daniel Drinkwater," £90,000.00 ", £90.00 ,191cm,89kg,37,71,3,53,1,25.42,113,4,20,1,1,1,15,1,207,153,2,826,7,5,474,3,342,497,316,298,74%,173,8,377,40%,0,,,,,,3,22,135,6,0,,,,,,,,
8/31/91,Daniel Sturridge," £130,000.00 ", £130.00 ,172cm,67kg,12,20,0,9,0,34.77,31,2,3,0,0,0,146,0,63,87,3,85,5,2,29,0,79,147,115,25,79%,43,20,170,27%,0,,,,,,0,6,25,0,2,,,,,,,,
8/23/84,Danny Ings," £75,000.00 ", £75.00 ,183cm,77kg,62,173,4,73,0,55.61,187,3,32,3,0,1,5,0,479,274,13,"1,713",4,20,744,6,"1,108",772,571,419,74%,324,22,847,40%,9,,,,,,0,54,246,6,7,,,,,,,,
1/4/94,Danny Rose," £60,000.00 ", £60.00 ,178cm,68kg,5,3,7,2,0,16.14,7,0,1,0,0,0,1,0,11,10,0,7,0,1,6,0,2,17,12,6,60%,5,1,12,1%,0,0,0,0,1,1%,,,,,,,,,,,,,
4/20/76,Danny Simpson," £45,000.00 ", £45.00 ,183cm,84kg,168,0,0,156,0,7.83,451,0,19,,,,,,,,,,,,,6,"1,062",,,,,,,,,,,,,,,2,32,239,,,475,79,"1,516",5,502,165,42,144
2/26/85,Danny Welbeck," £125,000.00 ", £125.00 ,195cm,90kg,1,16,0.17,4,0,28.17,6,0,0,0,1,0,4,0,0,3,2,11,0,3,8,,,,,,,,,,,,0,0,1,14,43%,,,,,,,,,,,,,
8/7/91,Darren Randolph," £6,000.00 ", £6.00 ,193cm,92kg,19,35,3,12,0,42.71,41,0,5,1,2,0,2,5,116,65,2,319,4,6,183,0,160,289,123,190,75%,70,18,192,50%,1,,,,,,0,13,42,1,1,,,,,,,,
2/7/88,Daryl Janmaat," £45,000.00 ", £45.00 ,180cm,75kg,28,44,0.09,41,0,18.16,90,10,5,1,4,3,254,0,122,134,9,45,12,10,12,1,42,370,377,65,78%,84,69,334,33%,28,0,0,2,56,38%,,,,,,,,,,,,,
1/20/95,David de Gea," £200,000.00 ", £200.00 ,183cm,66kg,26,53,2,18,1,35.45,60,1,9,1,0,1,134,0,99,112,1,187,3,3,114,0,73,300,245,113,83%,78,43,252,21%,2,,,,,,1,12,59,1,1,,,,,,,,
2/10/95,David Luiz," £125,000.00 ", £125.00 ,185cm,78kg,1,2,5,4,0,5,5,0,1,0,0,0,1,0,0,0,1,0,0,0,0,,,,,,,,,,,,0,0,0,4,25%,,,,,,,,,,,,,
10/30/89,David Silva," £160,000.00 ", £160.00 ,186cm,77kg,7,74,0.14,17,1,21.37,35,2,4,2,0,3,28,4,19,23,10,36,0,14,25,,,,,,,,,,,,0,0,3,66,32%,,,,,,,,,,,,,
4/18/85,Dean Marney," £22,000.00 ", £22.00 ,190cm,83kg,50,3,0,39,1,24.42,113,2,2,,,,,,,,,,,,,10,749,,,,,,,,,,,,,,,0,35,143,,,357,100,904,1,711,224,87,52
9/28/81,Dejan Lovren," £65,000.00 ", £65.00 ,186cm,80kg,7,0,0,2,0,23.33,9,0,0,,,,,,,,,,,,,1,52,,,,,,,,,,,,,,,0,1,12,,,26,4,44,0,27,7,5,1
8/28/89,Dele Alli," £55,000.00 ", £55.00 ,178cm,75kg,71,115,2,24,1,45.93,129,10,14,0,0,2,226,1,251,377,3,408,7,10,196,0,282,644,447,162,78%,143,32,631,24%,3,,,,,,2,44,122,2,3,,,,,,,,
12/13/94,Demarai Gray," £25,000.00 ", £25.00 ,189cm,77kg,0,0,0,0,0,0,0,0,0,,,,,,,,,,,,,0,0,,,,,,,,,,,,,,,0,0,0,,,0,0,0,0,0,0,0,0
11/20/88,Diafra Sakho," £30,000.00 ", £30.00 ,181cm,76kg,33,63,0.17,23,0,27.97,72,19,4,0,10,2,467,4,49,80,25,28,25,40,4,0,45,228,337,17,71%,51,70,240,24%,20,2,0,8,125,35%,,,,,,,,,,,,,
2/14/90,Diego Costa," £185,000.00 ", £185.00 ,180cm,75kg,2,4,0.14,4,0,21,7,0,0,0,0,1,0,0,3,12,2,6,0,1,4,,,,,,,,,,,,0,0,1,6,17%,,,,,,,,,,,,,
5/4/91,Divock Origi," £28,000.00 ", £28.00 ,175cm,67kg,54,80,4,47,0,42.21,134,8,15,0,1,3,355,1,225,366,1,339,11,22,78,3,194,598,438,46,70%,102,105,614,19%,12,,,,,,1,39,158,5,0,,,,,,,,
11/28/80,Dominic Solanke," £7,000.00 ", £7.00 ,198cm,85kg,12,0,0,11,0,5.82,34,0,1,,,,,,,,,,,,,1,78,,,,,,,,,,,,,,,0,0,25,,,42,8,139,1,24,10,2,10
5/21/89,Dusan Tadic," £60,000.00 ", £60.00 ,183cm,83kg,4,28,0.25,16,0,12.04,28,1,0,2,5,0,70,1,21,11,2,15,1,8,6,,,,,,,,,,,,1,0,2,37,38%,,,,,,,,,,,,,
4/8/93,Eden Hazard," £200,000.00 ", £200.00 ,178cm,77kg,27,78,0.22,46,0,17.05,105,2,3,2,6,15,90,5,24,67,43,17,7,45,7,,,,,,,,,,,,5,0,17,184,36%,,,,,,,,,,,,,
8/10/91,Edimilson Fernandes," £30,000.00 ", £30.00 ,185cm,71kg,2,6,8,3,0,47.62,8,0,1,0,0,0,5,0,13,15,0,3,1,1,2,0,35,29,28,5,67%,5,5,40,20%,1,0,0,0,3,3%,,,,,,,,,,,,,
9/7/90,Eduardo," £10,000.00 ", £10.00 ,172cm,65kg,24,60,1,20,0,22.36,56,0,8,0,0,1,99,0,75,139,4,127,2,5,53,1,33,245,205,41,76%,42,32,170,16%,5,,,,,,0,6,49,0,2,,,,,,,,
6/17/94,Emiliano Martinez," £10,000.00 ", £10.00 ,179cm,75kg,0,6,4,3,0,32.25,4,0,1,0,0,0,6,0,10,5,0,2,0,1,2,0,12,13,20,2,80%,6,4,27,17%,1,0,0,0,1,1%,,,,,,,,,,,,,
10/24/90,Emre Can," £45,000.00 ", £45.00 ,180cm,80kg,2,0,0.33,1,0,34.67,3,0,0,0,0,1,0,0,3,1,0,0,0,3,0,0,2,7,7,0,100%,0,4,9,0%,0,0,0,0,5,20%,,,,,,,,,,,,,
9/19/90,Enner Valencia," £40,000.00 ", £40.00 ,178cm,71kg,12,20,1,20,0,44.23,44,5,3,0,0,1,375,0,93,87,2,163,10,5,99,0,227,250,183,84,79%,60,29,286,26%,2,,,,,,0,11,57,0,1,,,,,,,,
6/3/88,Eric Bailly," £80,000.00 ", £80.00 ,193cm,87kg,86,2,0,63,0,21.63,203,0,4,,,,,,,,,,,,,15,"1,145",,,,,,,,,,,,,,,1,64,265,,,591,173,"1,750",6,676,214,132,106
3/12/98,Eric Dier," £60,000.00 ", £60.00 ,167cm,,0,0,0,0,0,0,0,0,0,0,0,0,0,0,0,0,0,0,0,0,0,0,0,0,0,0,0%,0,0,0,0%,0,0,0,0,0,0%,,,,,,,,,,,,,
4/10/87,Erik Lamela," £80,000.00 ", £80.00 ,191cm,76kg,82,271,12,105,5,23.84,262,7,53,7,0,5,42,5,343,399,34,"2,350",3,20,978,3,698,"1,230",786,640,70%,357,35,646,21%,0,,,,,,3,70,333,17,7,,,,,,,,
1/16/85,Erik Pieters," £38,000.00 ", £38.00 ,174cm,74kg,126,283,8,48,4,41.86,215,18,52,1,1,6,496,5,464,768,15,701,27,45,306,0,320,"1,334",985,300,75%,252,59,908,17%,21,,,,,,1,70,195,3,3,,,,,,,,
4/27/97,Etienne Capoue," £35,000.00 ", £35.00 ,180cm,64kg,5,1,10,2,0,5.2,10,0,0,0,0,0,5,0,1,6,1,2,0,0,0,0,0,9,8,1,100%,1,2,3,5%,0,0,0,0,3,67%,,,,,,,,,,,,,
10/5/88,Fabian Delph," £80,000.00 ", £80.00 ,172cm,73kg,52,113,0.18,42,0,34.06,132,23,12,0,12,10,427,5,137,242,45,101,20,71,37,0,110,687,833,83,81%,179,173,635,20%,42,0,0,20,219,35%,,,,,,,,,,,,,
12/10/86,Federico Fern√°ndez," £43,000.00 ", £43.00 ,186cm,77kg,1,6,0.6,2,0,26.6,5,0,1,1,1,1,10,0,4,14,2,8,1,0,3,,,,,,,,,,,,0,0,0,4,100%,,,,,,,,,,,,,
8/7/87,Fernando," £100,000.00 ", £100.00 ,174cm,72kg,6,10,0,5,0,15.53,17,0,1,0,0,0,29,0,16,15,0,13,0,0,4,0,18,35,43,2,73%,3,9,51,24%,0,,,,,,0,1,12,0,0,,,,,,,,
8/5/87,Fernando Llorente," £75,000.00 ", £75.00 ,180cm,70kg,88,278,0.11,111,4,46.49,266,27,56,0,1,29,853,5,449,661,23,209,26,75,46,3,"1,025","1,157","1,080",64,74%,90,172,"1,595",33%,80,17,1,1,265,33%,,,,,,,,,,,,,
6/12/94,Florin Gardos," £30,000.00 ", £30.00 ,180cm,73kg,0,0,0,0,0,0,0,0,0,0,0,0,0,0,0,0,0,0,0,0,0,,,,,,,,,,,,0,0,0,0,0%,,,,,,,,,,,,,
12/20/97,Fraizer Campbell," £35,000.00 ", £35.00 ,191cm,77kg,0,0,0,0,0,0,0,0,0,,,,,,,,,,,,,0,0,,,,,,,,,,,,,,,0,0,0,,,0,0,0,0,0,0,0,0
4/15/88,Francis Coquelin," £60,000.00 ", £60.00 ,175cm,72kg,2,6,0.17,3,0,35.67,6,3,0,0,0,1,19,0,16,9,0,4,0,1,1,0,12,17,21,0,89%,1,6,38,47%,0,0,0,1,4,75%,,,,,,,,,,,,,
7/3/94,Fraser Forster," £55,000.00 ", £55.00 ,185cm,77kg,0,0,0,4,0,32.43,7,0,0,,,,,,,,,,,,,1,57,,,,,,,,,,,,,,,0,0,15,,,38,6,79,0,22,15,10,5
1/27/93,G√∂khan T√∂re," £27,000.00 ", £27.00 ,191cm,74kg,10,18,21,7,0,7.19,21,0,1,0,0,0,3,0,6,5,9,6,0,8,5,,,,,,,,,,,,0,0,3,19,16%,,,,,,,,,,,,,
5/20/82,Gabriel," £50,000.00 ", £50.00 ,196cm,90kg,242,3,0,55,1,16.29,374,2,5,,,,,,,,,,,,,17,"1,732",,,,,,,,,,,,,,,2,140,246,,,790,187,"2,330",3,"1,596",527,165,241
4/17/92,Gareth Barry," £60,000.00 ", £60.00 ,184cm,82kg,4,6,0,0,0,68.75,4,0,0,0,0,0,5,0,10,15,0,26,0,2,17,0,7,29,17,11,80%,12,2,19,20%,0,,,,,,0,2,2,0,0,,,,,,,,
9/30/86,Gareth McAuley," £35,000.00 ", £35.00 ,192cm,88kg,80,161,0.41,25,2,24.88,138,20,14,19,33,5,81,13,50,113,88,134,29,76,80,,,,,,,,,,,,2,0,60,393,38%,,,,,,,,,,,,,
11/7/88,Gary Cahill," £80,000.00 ", £80.00 ,189cm,80kg,25,104,0.08,27,0,46.44,64,2,10,0,3,2,58,0,158,169,2,104,1,19,54,0,238,385,356,64,72%,49,70,391,24%,5,0,0,5,57,30%,,,,,,,,,,,,,
5/3/91,George Boyd," £20,000.00 ", £20.00 ,185cm,74kg,10,9,4,9,1,42.25,32,1,4,2,1,1,7,0,74,42,2,232,2,2,102,0,122,155,82,83,76%,45,13,155,57%,0,,,,,,0,6,37,1,0,,,,,,,,
4/16/87,Georges-K√©vin Nkoudou," £35,000.00 ", £35.00 ,165cm,63kg,142,114,0.1,95,0,20.25,317,46,12,0,9,22,904,6,202,338,39,123,45,83,13,0,145,"1,058","1,074",23,77%,93,378,791,24%,54,0,0,9,246,39%,,,,,,,,,,,,,
9/26/89,Georginio Wijnaldum," £75,000.00 ", £75.00 ,178cm,70kg,76,77,2,20,1,35.79,128,7,11,0,2,0,326,0,248,280,12,380,10,15,176,1,113,594,476,176,70%,196,91,496,17%,11,,,,,,1,25,102,3,2,,,,,,,,
9/20/96,Giedrius Arlauskis," £10,000.00 ", £10.00 ,173cm,79kg,0,0,2,1,0,3,2,0,0,0,0,0,0,0,0,0,0,0,0,0,0,,,,,,,,,,,,0,0,0,0,0%,,,,,,,,,,,,,
5/2/90,Glen Johnson," £30,000.00 ", £30.00 ,185cm,71kg,0,1,2,1,0,8,2,0,0,0,0,0,1,0,0,1,1,0,0,0,0,,,,,,,,,,,,0,0,1,4,75%,,,,,,,,,,,,,
11/30/87,Glenn Whelan," £28,000.00 ", £28.00 ,175cm,69kg,7,12,0.06,8,0,17.78,18,2,1,0,0,1,51,0,15,27,5,6,0,7,3,,,,,,,,,,,,0,0,2,19,37%,,,,,,,,,,,,,
2/23/81,Granit Xhaka," £100,000.00 ", £100.00 ,183cm,78kg,249,569,0.09,176,6,31.08,602,61,112,5,25,3,860,6,586,949,43,801,15,74,280,3,"1,532","1,911","1,785",392,78%,299,189,"2,138",28%,97,14,0,8,294,35%,,,,,,,,,,,,,
8/7/92,Gylfi Sigurdsson," £70,000.00 ", £70.00 ,184cm,79kg,19,14,0.25,5,0,18.59,32,3,0,0,4,4,43,2,13,29,15,7,2,18,3,0,5,92,157,11,79%,21,34,81,21%,2,0,0,3,56,36%,,,,,,,,,,,,,
2/12/91,H√•vard Nordtveit," £30,000.00 ", £30.00 ,175cm,65kg,20,80,0.09,39,0,23.6,75,7,11,2,3,2,150,0,56,98,16,56,8,21,35,0,87,296,372,85,82%,155,61,203,21%,13,0,0,8,90,28%,,,,,,,,,,,,,
12/8/89,H√©ctor Beller√≠n," £55,000.00 ", £55.00 ,175cm,67kg,58,90,0.08,44,0,41.03,137,9,14,1,1,9,221,2,131,271,1,98,11,43,25,0,303,500,493,47,78%,95,52,605,20%,14,0,0,8,131,34%,,,,,,,,,,,,,
10/5/88,Hal Robson-Kanu," £15,000.00 ", £15.00 ,189cm,81kg,12,40,0,15,0,25.63,35,1,10,0,0,0,90,0,64,84,0,77,1,4,24,1,61,155,118,17,89%,22,29,194,13%,1,,,,,,0,9,36,0,0,,,,,,,,
3/12/89,Harry Arter," £20,000.00 ", £20.00 ,193cm,79kg,5,0,0,12,0,22.57,23,0,0,,,,,,,,,,,,,4,171,,,,,,,,,,,,,,,0,2,40,,,112,17,253,0,86,34,11,7
5/3/90,Harry Kane," £100,000.00 ", £100.00 ,178cm,70kg,30,96,0.03,15,1,51.78,65,8,4,0,0,2,78,0,103,187,1,108,11,21,61,0,211,328,354,52,73%,85,50,567,23%,12,0,0,3,69,20%,,,,,,,,,,,,,
10/29/88,Harry Winks," £25,000.00 ", £25.00 ,193cm,84kg,8,8,0,1,0,26.55,11,0,1,0,0,0,0,0,13,20,0,37,0,1,17,0,17,43,20,22,85%,3,0,36,0%,0,,,,,,0,1,3,0,0,,,,,,,,
4/19/92,Henrikh Mkhitaryan," £180,000.00 ", £180.00 ,191cm,76kg,0,0,0,0,0,0,0,0,0,,,,,,,,,,,,,0,0,,,,,,,,,,,,,,,0,0,0,,,0,0,0,0,0,0,0,0
5/23/97,Heurelho Gomes," £25,000.00 ", £25.00 ,188cm,77kg,2,9,0,2,0,44.4,5,1,3,0,0,0,7,0,12,12,0,18,0,0,9,0,9,24,33,9,83%,9,2,29,14%,1,,,,,,0,3,5,0,0,,,,,,,,
5/2/95,Hugo Lloris," £100,000.00 ", £100.00 ,180cm,75kg,24,57,0.09,18,1,19.16,56,3,8,0,2,3,168,2,26,37,5,22,8,31,7,0,45,251,299,17,81%,50,100,161,26%,13,0,0,1,84,24%,,,,,,,,,,,,,
3/31/87,Ibrahim Afellay," £25,000.00 ", £25.00 ,178cm,77kg,4,29,18,9,1,16.06,18,1,3,0,0,0,72,0,12,17,2,6,2,4,2,0,11,73,106,2,71%,12,25,66,18%,4,0,0,1,11,45%,,,,,,,,,,,,,
8/8/90,Idrissa Gueye," £45,000.00 ", £45.00 ,185cm,70kg,6,25,0.16,17,0,12.19,32,2,2,2,3,0,7,2,5,15,23,3,2,11,0,,,,,,,,,,,,1,0,6,62,40%,,,,,,,,,,,,,
8/15/93,Isaac Success," £30,000.00 ", £30.00 ,180cm,70kg,57,45,0.08,24,0,22.51,105,7,5,0,1,7,228,5,76,98,8,34,13,47,7,2,115,404,386,35,80%,47,208,288,20%,25,0,0,7,128,23%,,,,,,,,,,,,,
2/10/91,Islam Slimani," £80,000.00 ", £80.00 ,181cm,76kg,19,36,0.35,9,0,35.14,37,7,1,2,4,7,49,4,20,74,18,12,13,23,7,,,,,,,,,,,,0,0,6,80,40%,,,,,,,,,,,,,
4/15/96,Jack Butland," £35,000.00 ", £35.00 ,190cm,70kg,0,0,1,1,0,11,1,0,0,0,0,0,0,0,1,0,0,0,0,0,0,0,1,0,0,0,0%,0,0,2,0%,0,0,0,0,0,0%,,,,,,,,,,,,,
7/3/84,Jack Cork," £35,000.00 ", £35.00 ,178cm,67kg,99,130,0.06,27,1,28.34,170,8,27,0,2,7,52,0,189,220,6,264,0,27,83,4,258,419,349,89,67%,57,34,464,25%,6,0,0,2,91,30%,,,,,,,,,,,,,
3/1/87,Jack Stephens," £12,000.00 ", £12.00 ,190cm,80kg,34,4,0,36,2,24.45,97,0,6,,,,,,,,,,,,,6,790,,,,,,,,,,,,,,,0,24,130,,,339,42,912,5,403,127,80,48
3/15/93,Jack Wilshere," £90,000.00 ", £90.00 ,191cm,84kg,5,13,0.11,2,0,52.33,9,0,1,1,0,0,9,2,12,14,0,10,2,3,5,0,31,60,40,12,71%,8,20,48,9%,3,0,0,3,25,20%,,,,,,,,,,,,,
11/18/89,Jake Hesketh," £18,000.00 ", £18.00 ,175cm,67kg,52,111,0.07,51,0,19.24,148,19,17,0,2,9,"1,003",4,169,268,11,86,34,49,12,0,174,571,664,34,78%,119,157,660,22%,8,0,0,11,152,32%,,,,,,,,,,,,,
4/28/88,Jake Livermore," £46,000.00 ", £46.00 ,170cm,63kg,92,97,0.24,41,1,47.11,174,41,11,2,33,6,823,8,102,145,64,45,51,77,4,0,484,464,689,13,73%,43,130,807,23%,70,2,6,21,274,37%,,,,,,,,,,,,,
10/21/89,James Collins," £35,000.00 ", £35.00 ,186cm,90kg,6,12,0.03,19,0,11.67,33,0,1,0,0,1,1,0,5,9,10,8,0,10,7,,,,,,,,,,,,0,0,1,38,26%,,,,,,,,,,,,,
2/1/98,James McArthur," £50,000.00 ", £50.00 ,190cm,78kg,6,2,0,2,0,15.88,8,1,1,0,0,0,2,0,13,12,0,13,1,1,4,0,4,18,11,2,92%,5,2,16,2%,1,,,,,,0,1,1,2,0,,,,,,,,
9/9/94,James McCarthy," £50,000.00 ", £50.00 ,198cm,81kg,0,0,0,0,0,0,0,0,0,,,,,,,,,,,,,0,0,,,,,,,,,,,,,,,0,0,0,,,0,0,0,0,0,0,0,0
3/17/82,James McClean," £30,000.00 ", £30.00 ,173cm,69kg,82,263,0.1,51,3,38.73,203,32,37,1,3,15,562,5,349,347,19,122,21,93,27,0,301,"1,103","1,171",55,79%,157,208,"1,129",21%,130,0,1,9,273,30%,,,,,,,,,,,,,
9/9/92,James Milner," £140,000.00 ", £140.00 ,183cm,75kg,8,3,0,2,0,24.55,11,1,0,0,0,0,15,0,7,15,0,12,2,1,8,1,16,25,17,5,67%,7,1,28,47%,1,,,,,,0,2,6,0,0,,,,,,,,
6/16/89,James Morrison," £40,000.00 ", £40.00 ,188cm,70kg,14,55,0.36,19,0,19.45,44,4,5,1,3,12,17,2,18,33,27,27,1,28,15,,,,,,,,,,,,0,0,20,125,42%,,,,,,,,,,,,,
5/12/95,James Tarkowski," £22,000.00 ", £22.00 ,181cm,76kg,17,41,0.32,11,0,27.95,37,6,2,1,4,7,58,1,10,23,17,18,9,15,8,,,,,,,,,,,,0,0,3,64,42%,,,,,,,,,,,,,
2/8/89,James Ward-Prowse," £45,000.00 ", £45.00 ,189cm,80kg,47,66,0.2,23,0,25.14,92,12,6,1,4,13,117,2,36,65,16,60,17,33,38,0,91,269,399,83,77%,117,78,268,20%,6,1,0,12,125,32%,,,,,,,,,,,,,
3/1/88,Jamie Vardy," £100,000.00 ", £100.00 ,188cm,77kg,108,138,5,38,2,44.05,183,5,23,2,0,3,40,2,392,327,1,"1,275",4,13,469,4,687,873,499,352,74%,236,54,946,35%,8,,,,,,3,60,160,3,3,,,,,,,,
5/22/99,Jan Vertonghen," £89,000.00 ", £89.00 ,178cm,74kg,0,0,0,0,0,0,0,0,0,0,0,0,0,0,0,0,0,0,0,0,0,0,0,0,0,0,0%,0,0,0,0%,0,,,,,,0,0,0,0,0,,,,,,,,
2/20/80,Jason Puncheon," £35,000.00 ", £35.00 ,193cm,89kg,32,1,0,30,0,23.22,88,1,4,,,,,,,,,,,,,9,485,,,,,,,,,,,,,,,0,28,116,,,212,28,662,4,461,111,76,37
6/27/84,Jay Fulton," £6,000.00 ", £6.00 ,184cm,77kg,2,18,1,9,0,35.61,18,1,6,0,1,0,57,0,43,38,0,59,0,11,21,1,33,117,90,36,71%,10,31,122,18%,0,,,,,,0,1,29,0,0,,,,,,,,
8/2/92,Jay Rodriguez," £55,000.00 ", £55.00 ,185cm,77kg,40,55,3,24,3,31.81,89,5,6,0,1,2,312,0,72,122,1,241,6,7,105,3,155,243,260,60,72%,73,37,312,16%,3,,,,,,1,18,86,4,0,,,,,,,,
7/22/89,Jeff Hendrick," £35,000.00 ", £35.00 ,185cm,80kg,19,61,3,39,2,37.85,72,11,11,0,1,2,266,1,135,192,7,182,12,20,76,0,159,352,294,67,77%,70,66,353,20%,5,,,,,,0,11,122,1,0,,,,,,,,
3/17/96,Jefferson Montero," £30,000.00 ", £30.00 ,188cm,87kg,7,17,0,6,0,25.6,20,1,3,0,0,0,20,0,28,62,0,44,1,4,9,0,14,121,79,11,66%,17,13,89,20%,0,,,,,,0,3,25,0,1,,,,,,,,
6/28/85,Jeffrey Schlupp," £56,000.00 ", £56.00 ,180cm,74kg,76,228,7,105,1,31.03,235,4,54,0,1,6,549,2,317,602,5,858,9,49,273,3,448,"1,096",731,194,79%,192,90,889,19%,16,,,,,,3,48,288,7,7,,,,,,,,
6/28/96,Jerome Sinclair," £20,000.00 ", £20.00 ,179cm,66kg,8,4,16,2,0,7.5,16,1,0,0,0,0,18,0,6,7,0,2,2,3,1,0,4,26,31,1,100%,3,13,24,33%,0,0,0,1,8,38%,,,,,,,,,,,,,
10/12/96,Joe Allen," £50,000.00 ", £50.00 ,173cm,68kg,0,1,1,0,0,23,1,0,0,0,0,0,2,0,2,1,0,0,0,0,0,0,1,2,3,0,100%,1,1,2,2%,0,0,0,0,0,0%,,,,,,,,,,,,,
8/25/92,Joe Ledley," £25,000.00 ", £25.00 ,191cm,82kg,0,0,3,3,0,12,3,0,0,0,0,0,2,0,1,1,1,3,0,0,3,,,,,,,,,,,,0,0,2,3,3%,,,,,,,,,,,,,
2/18/90,Joel Matip," £100,000.00 ", £100.00 ,172cm,69kg,17,41,2,13,0,22.24,46,4,7,0,1,1,131,0,37,90,4,67,6,7,27,0,50,158,137,12,82%,25,22,139,24%,3,,,,,,1,6,30,0,0,,,,,,,,
1/14/89,Joel Robles," £20,000.00 ", £20.00 ,175cm,75kg,1,10,6,3,0,42.33,6,0,1,0,0,0,0,0,7,21,0,5,0,1,1,0,21,34,32,6,67%,2,2,27,0%,0,0,0,0,4,4%,,,,,,,,,,,,,
12/21/96,Joel Ward," £35,000.00 ", £35.00 ,178cm,76kg,0,0,0,0,0,0,0,0,0,0,0,0,0,0,0,0,0,0,0,0,0,0,0,0,0,0,0%,0,0,0,0%,0,,,,,,0,0,0,0,0,,,,,,,,
6/23/89,Johann Berg Gudmundsson," £28,000.00 ", £28.00 ,190cm,85kg,0,0,0,0,0,25,1,0,0,,,,,,,,,,,,,0,12,,,,,,,,,,,,,,,0,0,1,,,4,0,12,0,4,0,0,0
12/12/94,John Stones," £100,000.00 ", £100.00 ,185cm,75kg,1,5,5,4,0,12,5,0,1,0,0,0,0,0,2,0,0,1,0,0,0,0,2,1,10,0,0%,1,0,7,0%,0,0,0,0,1,1%,,,,,,,,,,,,,
11/11/88,John Terry," £150,000.00 ", £150.00 ,175cm,73kg,50,92,0,41,3,42.46,118,6,17,0,0,0,234,2,195,287,0,395,10,18,145,2,257,553,426,149,74%,104,47,456,22%,5,,,,,,0,20,143,1,3,,,,,,,,
10/14/92,Jon Flanagan," £33,000.00 ", £33.00 ,170cm,62kg,1,4,4,2,0,14,4,0,0,0,0,0,3,0,2,0,0,0,2,1,0,,,,,,,,,,,,0,0,1,4,25%,,,,,,,,,,,,,
12/24/89,Jonathan Leko," £3,000.00 ", £3.00 ,184cm,79kg,19,46,0.34,12,0,15.59,44,3,5,6,2,7,67,2,24,35,35,39,6,25,31,,,,,,,,,,,,0,0,14,113,35%,,,,,,,,,,,,,
8/20/86,Jonathan Walters," £25,000.00 ", £25.00 ,180cm,73kg,21,54,0.05,40,0,47.21,81,3,6,1,1,2,119,2,151,96,0,111,0,25,45,0,298,219,277,63,66%,84,26,372,26%,19,0,0,4,73,19%,,,,,,,,,,,,,
9/8/88,Jonny Evans," £65,000.00 ", £65.00 ,175cm,75kg,55,85,0.13,18,1,40.1,102,11,12,0,2,11,511,5,51,134,13,20,20,44,7,1,274,512,493,27,75%,97,201,468,27%,20,0,2,6,172,34%,,,,,,,,,,,,,
2/10/84,Jordan Henderson," £105,000.00 ", £105.00 ,188cm,78kg,2,0,0,4,0,29.67,9,0,0,,,,,,,,,,,,,1,70,,,,,,,,,,,,,,,0,2,12,,,34,5,92,1,23,6,4,4
12/13/91,Jordi Amat," £30,000.00 ", £30.00 ,187cm,77kg,0,0,0,0,0,0,0,0,0,0,0,0,0,0,0,0,0,0,0,0,0,0,0,0,0,0,0%,0,0,0,0%,0,,,,,,0,0,0,0,0,,,,,,,,
10/29/89,Jordon Ibe," £38,000.00 ", £38.00 ,180cm,80kg,38,113,3,48,0,31.43,113,4,12,1,1,1,254,1,233,293,2,497,7,22,272,1,196,734,486,247,87%,141,70,598,18%,2,,,,,,0,26,143,0,2,,,,,,,,
3/29/91,Jordy Clasie," £50,000.00 ", £50.00 ,185cm,76kg,0,11,5,3,0,39.2,5,0,1,0,0,0,1,0,4,12,0,8,0,3,4,0,11,19,36,6,58%,7,0,23,1%,1,0,0,0,3,3%,,,,,,,,,,,,,
10/3/93,Jos√© Fonte," £75,000.00 ", £75.00 ,192cm,95kg,14,1,0,14,0,27.51,37,0,0,,,,,,,,,,,,,0,298,,,,,,,,,,,,,,,0,12,46,,,125,14,335,0,140,44,41,15
12/22/83,Jos√© Holebas," £30,000.00 ", £30.00 ,187cm,81kg,56,109,7,51,1,49.4,143,2,22,6,0,1,45,3,322,251,1,990,5,17,408,4,594,633,383,318,74%,189,13,700,24%,6,,,,,,0,47,159,8,1,,,,,,,,
11/10/88,Joseph Gomez," £15,000.00 ", £15.00 ,178cm,67kg,74,134,15,52,1,30.91,184,14,22,4,5,6,505,3,212,339,21,345,21,41,169,1,209,877,817,84,81%,138,258,803,22%,11,,,,,,3,46,180,6,0,,,,,,,,
1/31/95,Josh Da Silva," £1,000.00 ", £1.00 ,190cm,75kg,0,0,0,0,0,0,0,0,0,,,,,,,,,,,,,0,0,,,,,,,,,,,,,,,0,0,0,,,0,0,0,0,0,0,0,0
10/8/96,Josh Onomah," £5,000.00 ", £5.00 ,183cm,72kg,0,0,0,0,0,0,0,0,0,,,,,,,,,,,,,0,0,,,,,,,,,,,,,,,0,0,0,,,0,0,0,0,0,0,0,0
1/24/86,Joshua King," £45,000.00 ", £45.00 ,173cm,71kg,12,58,0.1,35,0,15.8,71,4,12,0,4,3,267,0,43,89,8,23,6,22,7,0,43,195,348,15,74%,39,38,221,25%,9,0,0,5,67,31%,,,,,,,,,,,,,
1/24/83,Juan Carlos Paredes," £15,000.00 ", £15.00 ,173cm,69kg,28,53,0.18,33,0,29.61,83,12,7,0,1,14,206,3,62,84,18,36,15,28,7,1,85,286,337,11,79%,52,52,220,24%,22,2,4,5,128,41%,,,,,,,,,,,,,
4/7/98,Juan Mata," £160,000.00 ", £160.00 ,178cm,70kg,1,0,2,1,0,16.5,2,0,0,0,0,0,1,0,0,1,0,0,0,1,0,0,2,2,2,1,1%,1,0,4,1%,0,0,0,0,1,1%,,,,,,,,,,,,,
2/14/92,Julian Speroni," £25,000.00 ", £25.00 ,175cm,71kg,55,45,0.22,24,0,50.25,104,25,9,1,6,16,593,10,87,131,1,58,31,83,22,0,207,349,522,52,82%,87,111,547,21%,44,0,6,12,263,37%,,,,,,,,,,,,,
10/15/79,Junior Stanislas," £15,000.00 ", £15.00 ,195cm,92kg,123,2,1,158,1,12.8,372,4,3,,,,,,,,,,,,,12,"1,424",,,,,,,,,,,,,,,0,43,333,,,552,137,"1,924",1,510,231,67,144
4/5/87,Kasper Schmeichel," £80,000.00 ", £80.00 ,175cm,74kg,162,230,0.15,54,2,54.29,287,96,58,1,4,33,"1,073",12,255,561,18,184,44,143,38,0,"1,145","1,193","1,244",86,74%,144,221,"1,130",24%,333,5,2,11,476,36%,,,,,,,,,,,,,
5/3/93,Kelechi Iheanacho," £50,000.00 ", £50.00 ,188cm,79kg,1,4,0,5,0,15.83,6,1,1,0,0,0,1,0,12,7,0,13,0,0,10,0,6,26,16,9,100%,6,6,18,1%,0,,,,,,0,0,9,0,0,,,,,,,,
9/11/82,Kevin De Bruyne," £150,000.00 ", £150.00 ,191cm,91kg,29,3,0,55,0,22.61,117,0,6,,,,,,,,,,,,,5,888,,,,,,,,,,,,,,,0,23,202,,,393,87,"1,203",2,376,159,57,81
5/28/90,Kevin Long," £14,000.00 ", £14.00 ,178cm,70kg,91,151,5,35,0,44.97,172,15,29,0,0,5,498,2,376,428,10,588,13,33,235,6,483,975,706,251,80%,176,145,968,20%,23,,,,,,1,48,187,4,2,,,,,,,,
12/19/92,Kevin Mirallas," £70,000.00 ", £70.00 ,197cm,89kg,0,0,0,0,0,0,0,0,0,,,,,,,,,,,,,0,0,,,,,,,,,,,,,,,0,0,0,,,0,0,0,0,0,0,0,0
5/7/89,Kevin Stewart," £16,000.00 ", £16.00 ,188cm,84kg,13,44,0.44,26,1,18.17,48,6,4,6,3,12,47,4,11,31,40,51,4,54,30,,,,,,,,,,,,3,0,19,150,41%,,,,,,,,,,,,,
4/13/96,Kevin Wimmer," £45,000.00 ", £45.00 ,190cm,75kg,1,1,2,1,0,9.5,2,0,0,0,0,0,0,0,0,0,0,0,0,0,0,0,0,4,1,1,0%,0,2,0,0%,0,0,0,0,2,50%,,,,,,,,,,,,,
5/18/79,Kieran Gibbs," £46,000.00 ", £46.00 ,186cm,87kg,24,0,0,42,0,20.31,81,0,1,,,,,,,,,,,,,4,524,,,,,,,,,,,,,,,0,18,101,,,216,18,699,2,146,143,121,40
3/14/90,Kieran Trippier," £35,000.00 ", £35.00 ,168cm,62kg,57,112,0.07,41,1,44.25,134,3,11,1,2,7,88,0,208,337,1,102,7,34,33,1,380,635,547,45,74%,80,95,779,32%,17,0,0,6,100,30%,,,,,,,,,,,,,
9/20/83,Kristoffer Nordfeldt," £25,000.00 ", £25.00 ,183cm,79kg,69,210,0.18,85,1,21.53,213,17,25,8,3,28,345,7,96,150,114,224,21,55,101,,,,,,,,,,,,10,0,34,286,37%,,,,,,,,,,,,,
4/23/88,Krystian Bielik," £4,000.00 ", £4.00 ,185cm,80kg,65,157,0.12,60,1,12.5,187,13,15,7,8,7,158,5,46,81,58,63,11,75,36,,,,,,,,,,,,0,0,16,236,33%,,,,,,,,,,,,,
7/26/86,Kurt Zouma," £42,300.00 ", £42.30 ,190cm,80kg,30,89,0.24,23,0,19,71,5,3,5,2,9,32,2,22,79,19,60,6,12,44,,,,,,,,,,,,3,0,15,83,34%,,,,,,,,,,,,,
3/31/93,Kyle Naughton," £32,000.00 ", £32.00 ,191cm,90kg,26,131,0.15,50,0,18.37,104,5,10,4,4,8,110,6,51,91,24,103,4,55,59,,,,,,,,,,,,1,0,10,177,29%,,,,,,,,,,,,,
8/12/95,Kyle Walker," £70,000.00 ", £70.00 ,176cm,81kg,21,16,0.02,14,0,19.4,48,3,0,0,1,0,108,4,12,17,3,3,1,17,1,0,17,156,183,6,88%,14,100,145,18%,4,0,0,1,49,22%,,,,,,,,,,,,,
10/9/85,Laurent Koscielny," £90,000.00 ", £90.00 ,186cm,75kg,110,161,17,33,4,43.16,186,2,23,6,0,11,29,2,539,328,5,"1,112",3,10,463,2,454,953,604,462,72%,325,43,"1,104",21%,7,,,,,,2,72,173,21,1,,,,,,,,
5/7/92,Lee Grant," £30,000.00 ", £30.00 ,170cm,65kg,28,67,3,19,0,37.43,63,4,10,0,3,0,202,1,96,147,10,99,4,17,28,2,136,262,207,27,75%,29,30,246,24%,2,,,,,,0,13,72,2,0,,,,,,,,
7/1/86,Leighton Baines," £70,000.00 ", £70.00 ,174cm,68kg,14,46,0.06,38,0,19.4,67,4,9,0,1,3,171,1,64,74,5,51,0,22,1,1,70,161,175,24,69%,25,26,228,22%,5,0,0,0,83,29%,,,,,,,,,,,,,
1/15/92,Leon Britton," £35,000.00 ", £35.00 ,185cm,83kg,9,47,0.22,20,0,15.11,37,2,1,0,0,8,27,1,12,40,16,21,7,18,14,,,,,,,,,,,,0,0,2,63,41%,,,,,,,,,,,,,
2/4/86,Leonardo Ulloa," £27,000.00 ", £27.00 ,180cm,76kg,13,19,0.06,11,1,41.1,31,2,3,1,0,1,68,0,11,27,2,12,3,10,5,0,68,117,110,14,81%,16,41,162,16%,3,0,0,1,39,21%,,,,,,,,,,,,,
3/25/93,Leroy Fer," £45,000.00 ", £45.00 ,193cm,85kg,0,0,0,0,0,0,0,0,0,,,,,,,,,,,,,0,0,,,,,,,,,,,,,,,0,0,0,,,0,0,0,0,0,0,0,0
6/1/89,Lewis Cook," £30,000.00 ", £30.00 ,193cm,79kg,57,238,0.26,66,1,22.21,166,17,22,21,18,4,88,10,64,86,57,232,22,79,114,,,,,,,,,,,,2,1,42,433,33%,,,,,,,,,,,,,
7/16/87,Lewis Grabban," £29,000.00 ", £29.00 ,185cm,82kg,88,267,0.06,43,0,42.55,176,11,19,0,10,0,63,6,193,437,14,124,12,64,50,0,303,"1,206",975,158,82%,171,383,916,19%,24,0,1,9,180,32%,,,,,,,,,,,,,
7/25/92,Loris Karius," £60,000.00 ", £60.00 ,187cm,85kg,0,4,2,2,0,5.5,2,0,0,0,0,0,1,0,0,3,0,2,0,1,1,0,0,6,9,2,33%,5,0,1,1%,0,0,0,0,1,1%,,,,,,,,,,,,,
2/22/87,Lucas Leiva," £75,000.00 ", £75.00 ,192cm,87kg,2,0,0,1,0,28.75,4,0,0,,,,,,,,,,,,,0,22,,,,,,,,,,,,,,,0,3,2,,,7,0,17,0,24,6,3,1
3/17/88,Lucas P√©rez," £70,000.00 ", £70.00 ,201cm,93kg,30,0,0,14,0,24.91,55,0,2,,,,,,,,,,,,,3,464,,,,,,,,,,,,,,,0,22,44,,,120,17,400,0,143,59,15,6
3/28/90,Luke Shaw," £110,000.00 ", £110.00 ,180cm,82kg,12,35,0.39,9,0,21.24,33,3,4,11,1,1,92,2,65,47,15,51,4,18,25,2,36,213,217,59,72%,60,64,155,25%,1,0,0,7,81,36%,,,,,,,,,,,,,
9/22/82,Lys Mousset," £20,000.00 ", £20.00 ,197cm,92kg,13,0,0,21,0,21.56,43,0,2,,,,,,,,,,,,,3,253,,,,,,,,,,,,,,,1,9,67,,,120,24,376,0,165,52,16,16
3/2/98,Maarten Stekelenburg," £30,000.00 ", £30.00 ,180cm,73kg,0,0,0,0,0,0,0,0,0,0,0,0,0,0,0,0,0,0,0,0,0,0,0,0,0,0,0%,0,0,0,0%,0,,,,,,0,0,0,0,0,,,,,,,,
1/12/87,Mamadou Sakho," £85,000.00 ", £85.00 ,184cm,80kg,1,0,0,0,0,5,1,0,0,,,,,,,,,,,,,0,2,,,,,,,,,,,,,,,0,0,1,,,0,0,0,0,1,0,1,0
7/9/93,Mame Biram Diouf," £65,000.00 ", £65.00 ,171cm,73kg,7,10,0,1,0,42.73,11,0,1,0,0,0,1,0,15,19,0,15,0,2,6,0,20,47,29,8,74%,5,4,40,1%,0,,,,,,0,1,8,0,0,,,,,,,,
12/28/89,Manuel Lanzini," £70,000.00 ", £70.00 ,175cm,73kg,8,28,0.04,11,1,48.68,28,2,7,0,0,1,10,1,34,78,0,14,1,15,2,0,107,144,133,9,81%,6,29,157,40%,7,0,0,0,46,15%,,,,,,,,,,,,,
6/25/91,Marc Albrighton," £45,000.00 ", £45.00 ,188cm,76kg,44,183,0.05,27,3,46.73,92,2,23,1,0,4,26,0,168,273,1,176,3,19,84,2,246,645,587,198,80%,187,83,661,4%,4,0,0,1,85,21%,,,,,,,,,,,,,
7/1/91,Marc Muniesa," £33,000.00 ", £33.00 ,173cm,74kg,83,72,0.3,26,0,48.73,145,30,10,4,9,30,314,3,97,103,31,26,37,76,13,0,289,"1,022",886,54,83%,111,493,683,17%,40,10,0,17,269,42%,,,,,,,,,,,,,
12/2/89,Marc Pugh," £25,000.00 ", £25.00 ,188cm,83kg,2,0,0,0,0,24,3,0,0,,,,,,,,,,,,,0,16,,,,,,,,,,,,,,,0,1,5,,,3,1,18,0,1,2,1,0
11/7/92,Marc Wilson," £30,000.00 ", £30.00 ,180cm,70kg,8,9,15,2,0,56.07,15,2,3,0,0,0,12,0,18,13,0,16,1,9,6,0,21,38,38,6,85%,11,5,66,17%,0,0,0,2,14,14%,,,,,,,,,,,,,
8/9/89,Marcin Wasilewski," £23,000.00 ", £23.00 ,186cm,79kg,64,90,0.23,54,0,27.19,151,21,10,2,6,26,616,14,153,167,9,73,32,110,21,0,89,417,656,31,74%,127,96,490,25%,62,4,5,14,336,36%,,,,,,,,,,,,,
9/4/94,Marcos Alonso," £50,000.00 ", £50.00 ,178cm,70kg,1,10,0,3,1,22.2,5,0,1,0,0,0,15,0,4,11,0,12,0,1,1,0,5,22,26,2,91%,6,4,14,27%,0,,,,,,0,0,5,0,0,,,,,,,,
12/21/89,Marcos Rojo," £110,000.00 ", £110.00 ,189cm,83kg,24,91,0.12,24,1,32.67,72,4,10,4,0,5,51,5,159,188,3,167,2,15,106,1,79,537,412,206,73%,133,56,446,16%,1,0,0,6,81,40%,,,,,,,,,,,,,
3/16/89,Marcus Rashford," £20,000.00 ", £20.00 ,176cm,68kg,135,68,0.24,54,0,15.98,243,43,5,1,11,46,777,14,103,124,110,54,45,106,14,,,,,,,,,,,,0,0,58,484,43%,,,,,,,,,,,,,
3/2/97,Mark Birighitti," £6,000.00 ", £6.00 ,175cm,66kg,0,0,1,1,0,28,1,0,0,0,0,0,2,0,0,2,0,1,0,0,0,0,2,3,6,0,100%,2,1,5,2%,0,0,0,0,0,0%,,,,,,,,,,,,,
10/3/83,Mark Noble," £50,000.00 ", £50.00 ,195cm,85kg,61,170,8,77,1,30.11,196,6,35,3,4,1,10,5,247,185,13,"1,456",9,15,595,7,529,771,558,456,66%,307,18,547,20%,2,,,,,,4,41,278,7,2,,,,,,,,
12/15/89,Marko Arnautovic," £50,000.00 ", £50.00 ,170cm,66kg,27,39,4,23,0,36.33,75,8,6,0,4,0,245,3,103,82,8,236,13,12,107,5,252,266,233,94,66%,67,29,337,23%,3,,,,,,0,20,97,0,4,,,,,,,,
8/17/87,Marko Grujic," £18,000.00 ", £18.00 ,188cm,80kg,51,170,1,79,2,29.3,177,3,31,0,0,1,162,5,212,355,1,927,2,36,369,3,556,724,595,250,75%,169,66,634,25%,5,,,,,,1,32,203,9,2,,,,,,,,
3/27/96,Marouane Fellaini," £85,000.00 ", £85.00 ,168cm,63kg,0,1,2,2,0,9,2,0,1,0,0,0,1,0,0,2,0,0,0,0,0,0,0,2,4,0,50%,1,0,0,1%,0,0,0,0,2,50%,,,,,,,,,,,,,
5/28/94,Martin Kelly," £25,000.00 ", £25.00 ,188cm,70kg,35,21,1,26,0,44.76,84,0,6,1,0,0,15,0,125,112,1,385,5,3,215,4,316,378,180,156,75%,90,66,381,27%,2,,,,,,0,21,96,4,3,,,,,,,,
5/12/93,Mason Holgate," £25,000.00 ", £25.00 ,189cm,76kg,48,87,0.14,37,0,38.52,121,11,13,1,4,12,209,8,52,117,13,59,18,91,51,1,295,670,684,102,73%,115,271,446,22%,41,2,2,16,257,28%,,,,,,,,,,,,,
8/28/90,Mathieu Debuchy," £75,000.00 ", £75.00 ,170cm,65kg,16,20,0.25,22,0,29.02,48,2,5,1,4,7,106,1,30,44,4,6,4,20,1,,,,,,,,,,,,4,0,2,73,34%,,,,,,,,,,,,,
6/20/87,Matt Targett," £10,000.00 ", £10.00 ,198cm,83kg,60,3,1,74,0,20.99,188,0,10,,,,,,,,,,,,,17,"1,538",,,,,,,,,,,,,,,0,50,236,,,578,62,"1,777",2,667,347,161,114
3/21/92,Matteo Darmian," £45,000.00 ", £45.00 ,184cm,78kg,18,41,0,17,0,35.86,42,0,9,0,0,0,2,0,79,66,0,188,0,0,82,2,127,139,147,49,71%,76,11,138,2%,0,,,,,,0,4,45,0,0,,,,,,,,
8/14/89,Matthew James," £25,000.00 ", £25.00 ,182cm,70kg,32,64,0.16,14,0,50.14,58,6,12,1,2,6,59,0,85,137,3,48,7,26,12,0,132,272,227,22,71%,20,48,273,27%,22,1,0,2,65,20%,,,,,,,,,,,,,
2/26/86,Max Gradel," £23,000.00 ", £23.00 ,178cm,72kg,69,76,1,16,0,43.96,105,6,9,0,1,0,217,0,264,210,6,344,6,7,173,0,105,515,354,189,73%,143,36,578,16%,6,,,,,,0,40,85,0,2,,,,,,,,
12/19/85,Maya Yoshida," £28,000.00 ", £28.00 ,193cm,86kg,117,207,21,104,2,30.67,290,9,32,6,4,10,23,5,372,380,2,"2,476",7,51,926,7,637,"1,563",815,917,77%,435,59,"1,134",17%,5,,,,,,1,69,373,18,8,,,,,,,,
9/24/97,Michael Carrick," £80,000.00 ", £80.00 ,190cm,80kg,0,0,0,0,0,0,0,0,0,0,0,0,0,0,0,0,0,0,0,0,0,0,0,0,0,0,0%,0,0,0,0%,0,,,,,,0,0,0,0,0,,,,,,,,
12/1/96,Michael Keane," £22,000.00 ", £22.00 ,175cm,76kg,0,0,0,0,0,0,0,0,0,0,0,0,0,0,0,0,0,0,0,0,0,0,0,0,0,0,0%,0,0,0,0%,0,,,,,,0,0,0,0,0,,,,,,,,
10/27/90,Michail Antonio," £25,000.00 ", £25.00 ,186cm,78kg,2,0,7,4,0,18.86,7,0,0,0,0,0,22,0,11,9,0,10,0,3,3,0,4,20,18,6,78%,4,4,24,32%,0,0,0,0,7,29%,,,,,,,,,,,,,
11/9/95,Michel Vorm," £40,000.00 ", £40.00 ,178cm,75kg,0,0,0,0,0,36,1,0,0,0,0,0,1,0,1,4,0,3,0,0,0,0,3,9,4,2,50%,1,2,5,1%,0,,,,,,0,0,2,0,0,,,,,,,,
6/15/94,Michy Batshuayi," £70,000.00 ", £70.00 ,180cm,79kg,5,12,7,0,0,10.57,7,1,0,0,0,0,3,0,0,6,3,1,0,3,1,,,,,,,,,,,,0,0,3,10,30%,,,,,,,,,,,,,
7/22/91,Miguel Britos," £25,000.00 ", £25.00 ,183cm,76kg,8,13,27,14,1,29.96,27,1,2,0,0,0,108,0,50,42,0,38,3,9,22,0,41,120,93,42,88%,33,17,141,29%,1,0,0,3,27,22%,,,,,,,,,,,,,
8/29/97,Mike van der Hoorn," £15,000.00 ", £15.00 ,177cm,71kg,1,0,1,0,0,1,1,0,0,0,0,0,0,0,0,0,0,0,0,0,0,0,0,0,0,0,0%,0,0,0,0%,0,0,0,0,0,0%,,,,,,,,,,,,,
3/20/90,Modou Barrow," £15,000.00 ", £15.00 ,187cm,80kg,24,44,0,6,0,53.26,38,1,9,0,0,0,66,0,84,96,2,171,1,7,91,0,144,210,162,87,71%,75,11,208,24%,2,,,,,,0,10,30,0,0,,,,,,,,
7/9/87,Mohamed Elneny," £50,000.00 ", £50.00 ,182cm,82kg,19,104,0.2,35,0,32.68,75,8,14,2,12,1,609,5,81,164,14,65,21,50,13,0,69,531,669,100,77%,169,88,293,24%,20,1,5,11,165,36%,,,,,,,,,,,,,
7/17/85,Morgan Schneiderlin," £120,000.00 ", £120.00 ,188cm,82kg,11,27,0,13,0,34,29,0,9,0,0,0,3,0,69,34,0,158,0,0,59,1,119,138,88,78,68%,43,7,106,67%,1,,,,,,0,7,36,0,0,,,,,,,,
11/18/83,Mousa Demb√©l√©," £55,000.00 ", £55.00 ,188cm,76kg,108,179,8,82,3,32.92,264,5,47,7,0,1,20,2,401,390,7,"2,227",0,24,783,3,"1,192","1,307",679,762,75%,375,12,645,40%,5,,,,,,1,59,271,8,8,,,,,,,,
2/16/85,Moussa Sissoko," £80,000.00 ", £80.00 ,183cm,79kg,13,42,0,21,1,54.24,45,4,6,0,0,0,107,0,96,118,2,257,1,4,149,1,210,298,194,129,75%,77,36,270,24%,0,,,,,,0,8,78,0,2,,,,,,,,
11/3/92,Muhamed Besic," £30,000.00 ", £30.00 ,177cm,74kg,0,0,0,0,0,0,0,0,0,0,0,0,0,0,0,0,0,0,0,0,0,0,0,0,0,0,0%,0,0,0,0%,0,0,0,0,0,0%,,,,,,,,,,,,,
11/26/89,N'Golo Kant√©," £150,000.00 ", £150.00 ,180cm,79kg,15,32,0.15,33,0,23,66,5,5,1,1,8,219,6,54,74,12,33,7,35,7,0,38,168,275,22,69%,68,46,226,17%,18,0,0,2,115,32%,,,,,,,,,,,,,
12/2/88,Nacer Chadli," £60,000.00 ", £60.00 ,183cm,81kg,19,39,1,9,0,53.56,36,0,11,1,0,0,1,0,127,111,0,242,0,8,142,0,120,273,161,110,69%,64,14,231,1%,2,,,,,,0,11,41,1,2,,,,,,,,
4/6/77,Nacho Monreal," £70,000.00 ", £70.00 ,189cm,85kg,21,0,0,11,0,39,39,0,0,,,,,,,,,,,,,0,0,,,,,,,,,,,,,,,0,0,0,,,0,0,0,0,0,0,0,0
8/20/85,Nampalys Mendy," £50,000.00 ", £50.00 ,184cm,72kg,29,66,4,55,1,34.4,110,3,10,0,4,0,274,3,146,177,20,355,1,16,105,0,165,424,326,125,73%,100,49,348,19%,9,,,,,,0,12,170,3,2,,,,,,,,
4/1/97,Nathan Ak√©," £20,000.00 ", £20.00 ,170cm,68kg,0,0,0,0,0,0,0,0,0,0,0,0,0,0,0,0,0,0,0,0,0,0,0,0,0,0,0%,0,0,0,0%,0,,,,,,0,0,0,0,0,,,,,,,,
2/3/89,Nathan Dyer," £32,000.00 ", £32.00 ,186cm,81kg,37,24,5,15,0,49.9,71,2,6,4,1,0,30,1,108,95,1,471,2,16,210,0,435,228,157,105,77%,76,16,324,23%,2,,,,,,0,26,60,1,2,,,,,,,,
4/1/87,Nathan Redmond," £60,000.00 ", £60.00 ,178cm,74kg,61,129,0,50,1,28.68,151,1,25,0,0,0,356,0,305,280,5,581,8,10,194,1,263,511,503,138,77%,165,36,598,22%,3,,,,,,0,42,186,2,8,,,,,,,,
9/16/93,Nathaniel Chalobah," £5,000.00 ", £5.00 ,180cm,72kg,2,10,0,4,0,21.33,9,0,5,0,0,0,15,0,27,13,2,26,0,0,12,0,10,27,20,8,62%,7,0,34,13%,1,,,,,,0,2,9,0,0,,,,,,,,
12/23/94,Nathaniel Clyne," £75,000.00 ", £75.00 ,182cm,68kg,0,0,0,0,0,0,0,0,0,0,0,0,0,0,0,0,0,0,0,0,0,0,0,0,0,0,0%,0,0,0,0%,0,0,0,0,0,0%,,,,,,,,,,,,,
5/13/91,Nemanja Matic," £90,000.00 ", £90.00 ,178cm,74kg,45,72,74,13,1,39.39,74,1,14,0,0,0,14,0,203,202,2,111,1,7,55,0,120,423,291,90,77%,56,66,449,36%,17,0,0,1,18,18%,,,,,,,,,,,,,
2/24/94,Nick Pope," £11,000.00 ", £11.00 ,163cm,70kg,0,3,2,1,0,27.5,2,0,0,0,0,0,10,0,2,0,1,2,0,0,0,0,3,6,5,0,0%,3,1,7,10%,0,0,0,0,2,2%,,,,,,,,,,,,,
4/24/87,Nicol√°s Otamendi," £120,000.00 ", £120.00 ,189cm,86kg,66,76,4,29,0,46.66,125,3,24,1,2,1,97,1,283,241,5,859,4,23,422,5,411,674,347,277,81%,139,75,676,20%,9,,,,,,2,39,142,5,0,,,,,,,,
1/14/86,Nolito," £95,000.00 ", £95.00 ,175cm,71kg,48,139,0.19,43,0,42.34,117,11,29,1,0,21,552,7,314,356,0,106,23,60,12,1,398,497,477,17,71%,28,33,600,26%,68,4,4,8,248,33%,,,,,,,,,,,,,
3/21/88,Nordin Amrabat," £45,000.00 ", £45.00 ,178cm,76kg,71,412,0.02,107,7,29.26,265,8,85,0,0,5,97,3,524,765,2,329,7,40,113,5,774,"1,180","1,252",154,74%,197,72,"1,126",20%,44,0,0,4,143,20%,,,,,,,,,,,,,
4/3/92,Ola Aina," £20,000.00 ", £20.00 ,183cm,79kg,42,128,0.1,20,0,30.22,83,18,16,1,6,0,264,4,78,183,23,18,20,43,7,0,49,407,564,21,75%,77,113,349,27%,23,0,0,8,117,34%,,,,,,,,,,,,,
2/21/89,Oliver McBurnie," £5,000.00 ", £5.00 ,190cm,83kg,22,58,1,26,0,50.97,65,1,6,0,0,0,5,1,180,119,3,418,0,5,245,2,165,335,240,167,78%,115,10,332,5%,2,,,,,,2,19,88,0,0,,,,,,,,
12/1/88,Olivier Giroud," £55,000.00 ", £55.00 ,183cm,71kg,6,9,0.04,13,0,13.67,24,1,2,0,0,1,14,0,2,12,6,1,0,3,1,,,,,,,,,,,,0,0,2,20,50%,,,,,,,,,,,,,
6/17/90,Oriol Romeu," £65,000.00 ", £65.00 ,195cm,90kg,8,1,0,15,0,25.29,31,0,2,,,,,,,,,,,,,4,184,,,,,,,,,,,,,,,0,7,44,,,88,17,292,0,120,45,20,8
4/5/85,Ovie Ejaria," £2,000.00 ", £2.00 ,179cm,67kg,68,177,0.1,21,0,54.11,106,8,26,2,0,9,29,2,189,313,0,150,11,22,86,0,248,643,616,135,72%,105,110,626,28%,36,0,0,5,94,29%,,,,,,,,,,,,,
7/9/86,Pape Souar√©," £30,000.00 ", £30.00 ,175cm,75kg,13,14,3,20,0,44.7,44,5,3,0,3,0,152,0,67,89,2,88,3,5,38,1,85,210,140,36,82%,29,63,233,24%,1,,,,,,0,9,74,0,0,,,,,,,,
12/11/85,Patrick van Aanholt," £55,000.00 ", £55.00 ,183cm,74kg,21,71,0.03,32,0,14.62,71,4,10,0,1,1,85,0,51,72,2,38,2,29,11,0,53,211,267,46,81%,45,44,180,24%,6,0,0,0,85,19%,,,,,,,,,,,,,
3/28/87,Paul Pogba," £290,000.00 ", £290.00 ,180cm,74kg,3,3,0,0,0,3.5,4,0,1,0,0,0,1,0,6,0,0,4,0,0,2,0,0,3,4,3,0%,1,0,1,1%,0,,,,,,0,0,1,0,0,,,,,,,,
9/24/91,Pedro," £99,000.00 ", £99.00 ,183cm,83kg,30,53,0.02,12,0,35.71,58,0,11,0,0,1,2,0,103,139,0,58,2,14,12,0,148,242,219,46,78%,45,24,279,2%,4,0,0,1,46,20%,,,,,,,,,,,,,
1/2/89,Pedro Obiang," £50,000.00 ", £50.00 ,186cm,83kg,4,8,2,7,0,26.33,21,1,0,0,1,1,2,0,41,34,2,184,2,1,88,0,37,115,63,69,65%,44,7,104,2%,1,,,,,,0,4,27,1,0,,,,,,,,
1/9/89,Per Mertesacker," £90,000.00 ", £90.00 ,188cm,76kg,83,53,0.4,46,1,18.13,171,19,8,12,43,13,157,14,43,33,69,26,20,86,10,,,,,,,,,,,,2,0,55,472,39%,,,,,,,,,,,,,
6/19/97,Peter Crouch," £40,000.00 ", £40.00 ,177cm,64kg,3,3,8,2,0,17.5,8,3,0,0,0,0,19,0,2,9,0,1,2,3,0,1,3,32,31,2,78%,6,13,26,21%,0,0,0,0,5,20%,,,,,,,,,,,,,
11/7/89,Petr Cech," £100,000.00 ", £100.00 ,192cm,84kg,0,0,0,0,0,0,0,0,0,0,0,0,0,0,0,0,0,0,0,0,0,0,0,0,0,0,0%,0,0,0,0%,0,,,,,,0,0,0,0,0,,,,,,,,
10/15/86,Phil Jagielka," £50,000.00 ", £50.00 ,175cm,65kg,5,8,0.4,0,1,37,5,1,0,0,0,2,3,0,3,7,2,1,1,3,1,,,,,,,,,,,,0,0,1,9,33%,,,,,,,,,,,,,
1/31/84,Phil Jones," £75,000.00 ", £75.00 ,183cm,72kg,17,83,0.04,40,1,29.46,82,9,19,0,1,0,186,1,124,159,3,67,1,27,20,1,201,268,255,27,72%,39,31,289,31%,13,0,0,0,78,19%,,,,,,,,,,,,,
8/2/91,Philippe Coutinho," £150,000.00 ", £150.00 ,182cm,76kg,4,20,0.11,6,0,21.67,18,1,3,0,0,2,97,2,18,28,6,8,3,12,0,0,24,72,124,6,86%,16,22,75,29%,1,0,1,1,27,26%,,,,,,,,,,,,,
1/30/89,Pierre-Emile H√∏jbjerg," £50,000.00 ", £50.00 ,195cm,84kg,0,0,0,0,0,0,0,0,0,,,,,,,,,,,,,0,0,,,,,,,,,,,,,,,0,0,0,,,0,0,0,0,0,0,0,0
8/3/94,Ragnar Klavan," £30,000.00 ", £30.00 ,175cm,72kg,7,12,0.1,15,0,8.23,30,2,1,0,1,2,31,0,3,14,10,8,3,4,4,,,,,,,,,,,,0,0,2,19,47%,,,,,,,,,,,,,
9/19/82,Raheem Sterling," £150,000.00 ", £150.00 ,188cm,89kg,0,0,0,0,0,0,0,0,0,,,,,,,,,,,,,0,0,,,,,,,,,,,,,,,0,0,0,,,0,0,0,0,0,0,0,0
10/25/87,Ramadan Sobhi," £23,000.00 ", £23.00 ,183cm,90kg,48,56,0.06,14,1,38.76,82,8,16,0,0,5,102,1,89,108,0,106,6,36,32,0,286,180,166,38,69%,31,21,352,22%,21,0,0,0,126,24%,,,,,,,,,,,,,
6/28/95,Ramiro Funes Mori," £40,000.00 ", £40.00 ,184cm,70kg,0,1,0,2,0,21,3,0,1,0,0,0,3,0,2,8,0,6,0,0,4,0,6,13,7,5,75%,2,0,12,3%,0,,,,,,0,0,2,0,0,,,,,,,,
6/2/89,Riyad Mahrez," £100,000.00 ", £100.00 ,188cm,73kg,22,22,2,31,0,28.73,70,0,5,1,1,0,7,0,95,108,0,490,2,3,172,3,235,262,151,117,78%,94,9,228,29%,0,,,,,,2,14,106,3,1,,,,,,,,
12/16/87,Rob Holding," £25,000.00 ", £25.00 ,185cm,79kg,36,110,0.21,36,0,11.68,97,5,13,10,3,7,64,1,27,97,46,68,8,27,39,,,,,,,,,,,,0,0,30,132,42%,,,,,,,,,,,,,
6/6/85,Robert Huth," £38,000.00 ", £38.00 ,178cm,70kg,70,308,0.1,104,0,29.69,261,25,45,0,2,24,"1,424",8,324,529,20,298,21,72,74,0,440,898,"1,045",108,74%,189,83,"1,044",28%,47,1,11,7,260,36%,,,,,,,,,,,,,
5/5/94,Robert Snodgrass," £40,000.00 ", £40.00 ,180cm,75kg,5,7,0,6,0,33.8,15,0,4,0,0,0,36,0,27,39,2,41,0,0,21,0,14,75,53,16,67%,20,6,43,11%,0,,,,,,0,2,20,0,0,,,,,,,,
9/23/93,Roberto Firmino," £100,000.00 ", £100.00 ,179cm,75kg,1,1,4,3,0,5.5,4,0,0,0,0,0,4,0,0,1,1,1,0,2,1,,,,,,,,,,,,0,0,1,4,4%,,,,,,,,,,,,,
11/22/87,Roberto Pereyra," £45,000.00 ", £45.00 ,194cm,85kg,86,530,0.15,56,2,47.12,207,15,47,12,3,17,144,11,299,547,82,510,17,91,215,1,380,"1,614","1,657",739,78%,495,108,"1,291",22%,35,0,0,33,348,37%,,,,,,,,,,,,,
11/4/96,Romelu Lukaku," £80,000.00 ", £80.00 ,188cm,76kg,24,63,0.3,4,0,33.38,40,9,8,1,0,11,22,3,62,81,8,33,12,31,18,0,45,243,328,39,75%,50,39,199,18%,19,0,0,8,91,36%,,,,,,,,,,,,,
11/1/87,Ron-Robert Zieler," £50,000.00 ", £50.00 ,178cm,76kg,34,86,0.4,22,1,15.7,77,15,10,2,6,23,123,7,43,70,59,13,20,34,6,,,,,,,,,,,,5,0,34,175,46%,,,,,,,,,,,,,
7/22/84,Ross Barkley," £48,000.00 ", £48.00 ,180cm,64kg,124,106,0.09,154,0,27.95,385,58,14,2,20,8,"2,594",20,287,302,75,292,49,214,45,2,756,842,"1,006",71,76%,156,239,"1,322",25%,58,2,2,13,610,27%,,,,,,,,,,,,,
11/3/91,Ruben Loftus-Cheek," £35,000.00 ", £35.00 ,188cm,80kg,49,116,0.07,53,1,22.87,151,4,23,4,3,3,59,2,99,179,6,186,2,58,57,2,252,402,362,128,78%,89,42,421,15%,9,0,0,12,195,27%,,,,,,,,,,,,,
4/27/90,Ryan Allsop," £8,500.00 ", £8.50 ,191cm,77kg,34,81,0,30,0,24.82,83,3,7,0,0,0,154,1,94,233,1,306,1,4,146,2,65,380,298,98,76%,74,22,287,16%,2,,,,,,0,16,83,0,0,,,,,,,,
11/1/96,Ryan Bertrand," £70,000.00 ", £70.00 ,183cm,75kg,2,1,3,1,0,10.33,3,0,0,0,0,0,1,0,0,3,0,0,0,0,0,0,0,6,8,1,67%,1,2,7,1%,0,0,0,0,1,1%,,,,,,,,,,,,,
6/26/91,Ryan Fraser," £27,000.00 ", £27.00 ,178cm,83kg,1,5,0.2,3,0,13.8,5,1,0,0,1,0,2,0,1,1,7,0,0,1,0,,,,,,,,,,,,0,0,1,8,25%,,,,,,,,,,,,,
11/14/89,Ryan Shawcross," £45,000.00 ", £45.00 ,180cm,76kg,40,123,0.04,51,1,38.84,114,6,21,0,0,4,33,5,164,220,1,102,7,26,36,0,334,371,400,58,75%,78,43,517,18%,9,0,0,0,79,27%,,,,,,,,,,,,,
4/22/87,Sadio Man√©," £100,000.00 ", £100.00 ,189cm,84kg,50,109,6,17,0,45.63,84,4,22,2,0,4,51,3,194,117,1,363,7,31,167,1,417,405,346,137,81%,93,49,469,25%,20,,,,,,1,27,65,3,1,,,,,,,,
4/19/91,Saido Berahino," £80,000.00 ", £80.00 ,185cm,83kg,13,17,4,19,0,43.14,43,0,6,2,0,2,4,0,90,37,2,354,1,5,211,1,210,197,119,145,59%,81,6,193,4%,0,,,,,,0,9,74,0,0,,,,,,,,
2/5/85,Sam Byram," £30,000.00 ", £30.00 ,180cm,76kg,22,66,0.14,49,0,15.85,97,5,4,4,3,7,92,5,39,61,31,34,2,34,13,,,,,,,,,,,,1,0,5,133,34%,,,,,,,,,,,,,
1/2/84,Sam Field," £10,000.00 ", £10.00 ,183cm,83kg,172,156,0.07,51,3,34,283,23,22,7,1,8,286,2,265,372,2,217,8,52,63,0,767,750,798,123,73%,137,83,"1,077",26%,58,0,0,3,152,28%,,,,,,,,,,,,,
2/24/91,Sam Johnstone," £12,000.00 ", £12.00 ,186cm,84kg,0,0,0,1,0,18,1,0,0,0,0,0,0,0,1,1,0,3,0,0,1,0,3,2,1,1,100%,0,0,2,0%,0,,,,,,0,0,3,0,0,,,,,,,,
4/1/86,Sam Vokes," £17,000.00 ", £17.00 ,182cm,75kg,67,141,10,71,6,35.03,176,5,19,4,3,3,184,4,388,367,5,"1,519",5,40,582,5,488,"1,049",660,482,75%,268,117,782,11%,12,,,,,,3,34,240,10,4,,,,,,,,
8/1/86,Santiago Cazorla," £100,000.00 ", £100.00 ,173cm,67kg,125,162,0.18,36,0,58.18,192,58,19,1,28,5,669,13,158,260,20,69,69,130,10,0,298,764,923,59,73%,98,226,937,27%,245,0,0,37,361,31%,,,,,,,,,,,,,
8/11/89,Scott Arfield," £23,000.00 ", £23.00 ,181cm,75kg,54,216,0.1,35,1,54.88,125,2,25,3,2,7,92,2,344,426,5,218,6,26,76,0,481,750,620,175,76%,154,60,814,25%,17,0,0,3,101,25%,,,,,,,,,,,,,
12/9/92,Scott Dann," £60,000.00 ", £60.00 ,186cm,78kg,5,18,0.11,9,0,50.89,18,0,4,0,2,0,10,0,7,17,0,6,0,4,3,0,22,132,102,15,100%,17,75,124,10%,4,0,0,0,24,21%,,,,,,,,,,,,,
5/7/89,Seamus Coleman," £38,000.00 ", £38.00 ,188cm,84kg,38,74,3,28,0,50.74,86,1,15,1,0,2,8,0,179,157,1,621,1,20,350,4,363,508,269,295,73%,131,8,402,13%,2,,,,,,0,26,97,6,0,,,,,,,,
3/29/91,Sebastian Pr√∂dl," £20,000.00 ", £20.00 ,178cm,73kg,28,87,0.16,38,1,16.73,89,5,14,1,1,12,83,4,64,65,13,68,10,31,27,,,,,,,,,,,,4,0,10,150,36%,,,,,,,,,,,,,
10/17/87,Sergio Ag√ºero," £220,000.00 ", £220.00 ,188cm,83kg,1,9,0,4,0,39.71,7,0,1,0,0,0,11,0,29,23,0,24,0,3,15,1,15,54,52,17,78%,12,8,29,11%,0,,,,,,0,0,12,0,0,,,,,,,,
12/11/90,Sergio Romero," £65,000.00 ", £65.00 ,180cm,72kg,71,263,0.06,81,1,46.69,208,11,36,0,3,9,142,4,382,560,2,344,7,60,121,2,765,"1,002",874,116,76%,138,108,"1,102",27%,23,0,0,8,159,26%,,,,,,,,,,,,,
2/10/93,Shane Long," £60,000.00 ", £60.00 ,182cm,78kg,3,0,0.2,1,0,2.6,5,1,0,0,0,1,1,1,1,1,0,0,0,1,0,,,,,,,,,,,,0,0,2,5,40%,,,,,,,,,,,,,
1/1/85,Sheyi Ojo," £10,000.00 ", £10.00 ,173cm,70kg,85,134,0.05,96,0,32,255,16,18,0,2,7,468,3,200,367,18,231,24,44,71,1,487,603,766,56,79%,148,89,973,29%,58,0,0,11,140,25%,,,,,,,,,,,,,
5/25/86,Shinji Okazaki," £35,000.00 ", £35.00 ,178cm,64kg,75,148,0.09,128,1,29.36,280,30,20,9,1,15,467,4,338,456,18,190,21,90,54,0,510,915,"1,053",86,73%,158,212,"1,097",28%,83,2,0,13,364,32%,,,,,,,,,,,,,
11/11/83,Shkodran Mustafi," £90,000.00 ", £90.00 ,182cm,78kg,26,64,0.22,29,0,22.38,79,10,3,3,2,11,41,2,24,54,34,18,9,35,7,,,,,,,,,,,,0,0,23,148,40%,,,,,,,,,,,,,
9/28/84,Simon Francis," £30,000.00 ", £30.00 ,180cm,73kg,10,25,0,28,0,17.69,48,1,6,0,0,0,4,1,51,56,0,256,1,1,161,1,72,159,101,99,70%,62,0,115,25%,0,,,,,,0,4,46,1,1,,,,,,,,
12/7/95,Simon Mignolet," £55,000.00 ", £55.00 ,185cm,75kg,33,65,0,25,1,36.48,86,2,8,0,0,0,289,1,117,161,2,299,5,12,139,0,97,508,397,158,84%,124,103,389,21%,6,,,,,,0,23,81,2,0,,,,,,,,
8/23/83,Sofiane Boufal," £65,000.00 ", £65.00 ,188cm,83kg,85,194,9,90,2,27.05,250,1,46,5,1,1,11,2,391,335,9,"2,312",2,36,918,4,643,"1,215",813,765,76%,444,24,687,27%,5,,,,,,2,64,267,5,7,,,,,,,,
10/9/92,Sofiane Feghouli," £65,000.00 ", £65.00 ,180cm,80kg,10,35,35,13,0,34.43,35,0,9,0,0,0,17,1,33,84,0,49,2,7,22,1,107,159,145,14,76%,12,46,134,24%,3,0,0,0,22,23%,,,,,,,,,,,,,
12/7/97,Son Heung-Min," £85,000.00 ", £85.00 ,173cm,68kg,0,0,0,0,0,0,0,0,0,0,0,0,0,0,0,0,0,0,0,0,0,0,0,0,0,0,0%,0,0,0,0%,0,,,,,,0,0,0,0,0,,,,,,,,
11/11/90,Stefano Okaka," £35,000.00 ", £35.00 ,175cm,69kg,14,18,0.24,20,0,36.18,45,7,1,4,0,7,35,0,31,48,6,22,6,15,13,0,52,191,201,31,77%,50,54,273,23%,4,1,0,8,65,54%,,,,,,,,,,,,,
9/17/93,Stephen Ireland," £33,000.00 ", £33.00 ,170cm,60kg,0,0,0,0,0,0,0,0,0,0,0,0,0,0,0,0,0,0,0,0,0,0,0,0,0,0,0%,0,0,0,0%,0,0,0,0,0,0%,,,,,,,,,,,,,
8/10/96,Stephen Kingsley," £3,000.00 ", £3.00 ,175cm,65kg,0,0,0,0,0,0,0,0,0,0,0,0,0,0,0,0,0,0,0,0,0,0,0,0,0,0,0%,0,0,0,0%,0,,,,,,0,0,0,0,0,,,,,,,,
9/26/89,Stephen Ward," £28,000.00 ", £28.00 ,174cm,66kg,7,78,42,25,0,55.26,42,2,13,0,0,0,18,0,147,180,1,34,1,12,14,1,114,360,240,39,76%,37,81,400,28%,3,0,0,1,34,12%,,,,,,,,,,,,,
9/1/87,Steve Cook," £13,000.00 ", £13.00 ,179cm,74kg,120,393,0,52,1,50.47,225,11,47,1,0,0,77,0,454,945,10,370,7,44,152,2,631,"1,603","1,203",399,72%,339,58,"1,254",23%,57,0,0,5,143,24%,,,,,,,,,,,,,
1/11/88,Steve Mandanda," £70,000.00 ", £70.00 ,178cm,70kg,8,66,0.05,23,0,33.36,44,1,7,0,0,2,21,1,51,78,3,37,3,14,21,0,52,178,329,31,68%,73,49,288,24%,5,0,0,3,45,22%,,,,,,,,,,,,,
12/24/95,Steven Davis," £60,000.00 ", £60.00 ,173cm,69kg,0,6,5,3,0,14.6,5,0,2,0,0,0,12,0,4,9,0,1,0,2,0,,,,,,,,,,,,0,0,0,2,2%,,,,,,,,,,,,,
5/12/79,Steven Defour," £35,000.00 ", £35.00 ,191cm,70kg,49,110,10,65,2,26.56,165,2,13,9,1,0,9,3,266,232,6,"1,093",4,11,565,2,340,891,460,525,73%,247,37,585,33%,1,,,,,,4,47,220,6,2,,,,,,,,
12/6/87,Tendayi Darikwa," £10,000.00 ", £10.00 ,186cm,83kg,1,10,0,3,0,42.29,7,0,2,0,0,0,18,0,17,28,1,26,0,0,9,0,20,44,32,4,82%,8,7,36,33%,0,,,,,,0,1,10,0,0,,,,,,,,
9/21/89,Theo Walcott," £140,000.00 ", £140.00 ,180cm,74kg,7,33,2,21,0,34.28,40,1,11,2,0,0,57,1,82,70,0,246,0,2,167,0,127,219,155,105,70%,65,17,205,12%,0,,,,,,1,10,53,0,2,,,,,,,,
3/10/96,Thibaut Courtois," £100,000.00 ", £100.00 ,187cm,77kg,16,20,0.32,8,0,13.35,31,4,1,1,7,1,10,0,3,17,5,8,5,12,3,,,,,,,,,,,,0,0,3,37,41%,,,,,,,,,,,,,
12/4/94,Timothy Fosu-Mensah," £15,000.00 ", £15.00 ,187cm,77kg,3,9,0,2,0,39.29,7,0,1,0,0,0,0,1,23,17,0,41,0,1,17,0,25,29,17,6,76%,5,3,43,0%,0,,,,,,0,2,7,0,0,,,,,,,,
12/23/92,Tom Carroll," £35,000.00 ", £35.00 ,178cm,72kg,23,43,0.07,16,0,21.14,56,4,8,0,3,1,121,0,91,126,1,82,4,21,42,,,,,,,,,,,,0,0,3,66,21%,,,,,,,,,,,,,
12/23/90,Tom Davies," £6,000.00 ", £6.00 ,170cm,71kg,0,0,0,0,0,0,0,0,0,0,0,0,0,0,0,0,0,0,0,0,0,0,0,0,0,0,0%,0,0,0,0%,0,,,,,,0,0,0,0,0,,,,,,,,
4/8/95,Tom Heaton," £35,000.00 ", £35.00 ,177cm,71kg,1,0,1,0,0,1,1,0,0,0,0,0,0,0,0,0,0,0,0,0,0,0,0,0,0,0,0%,0,0,0,0%,0,0,0,0,0,0%,,,,,,,,,,,,,
9/25/89,Tosin Adarabioyo," £5,000.00 ", £5.00 ,185cm,77kg,11,15,1,3,0,25.61,18,1,1,0,0,1,41,0,24,38,2,37,2,1,6,1,42,57,43,7,74%,11,1,73,29%,1,,,,,,0,1,15,0,1,,,,,,,,
5/11/86,Trent Alexander-Arnold," £12,000.00 ", £12.00 ,189cm,84kg,36,0,0,18,0,29.27,75,0,2,,,,,,,,,,,,,2,681,,,,,,,,,,,,,,,0,27,85,,,224,47,632,1,199,79,79,51
8/29/90,Troy Deeney," £45,000.00 ", £45.00 ,177cm,74kg,16,43,6,33,0,31.99,72,8,6,0,6,0,138,4,152,182,7,209,10,16,67,2,100,332,271,28,77%,42,90,440,21%,3,,,,,,1,13,113,2,2,,,,,,,,
7/29/89,Tyrone Mings," £16,000.00 ", £16.00 ,185cm,80kg,27,72,0.27,28,0,17.35,83,8,7,3,5,14,82,6,56,88,49,48,9,51,27,,,,,,,,,,,,0,0,16,210,34%,,,,,,,,,,,,,
1/31/82,Valon Behrami," £42,000.00 ", £42.00 ,183cm,74kg,12,3,0,27,2,20.92,52,0,0,,,,,,,,,,,,,2,353,,,,,,,,,,,,,,,0,12,70,,,133,29,433,3,127,35,28,18
7/2/89,Victor Moses," £75,000.00 ", £75.00 ,175cm,65kg,42,101,0,47,0,39.07,121,5,18,0,0,0,220,0,196,229,3,303,5,13,116,0,191,426,386,78,76%,122,42,505,21%,5,,,,,,1,35,140,0,1,,,,,,,,
7/10/82,Victor Wanyama," £26,000.00 ", £26.00 ,171cm,65kg,173,207,0.34,152,2,7.62,438,30,38,1,18,81,190,18,80,165,273,28,9,205,1,,,,,,,,,,,,10,0,48,765,39%,,,,,,,,,,,,,
10/15/88,Vincent Janssen," £34,000.00 ", £34.00 ,183cm,76kg,53,39,0.19,14,0,63.97,89,33,4,2,12,3,451,6,43,89,37,18,40,32,6,2,122,351,412,14,75%,41,151,381,38%,82,0,1,17,115,47%,,,,,,,,,,,,,
3/13/93,Vincent Kompany," £150,000.00 ", £150.00 ,191cm,77kg,0,0,0,0,0,3,1,0,0,0,0,0,0,0,2,0,0,0,0,0,0,0,0,0,1,0,0%,0,0,0,0%,0,,,,,,0,0,0,0,0,,,,,,,,
1/27/83,Virgil van Dijk," £80,000.00 ", £80.00 ,193cm,83kg,0,0,0,0,0,28.5,2,0,0,,,,,,,,,,,,,0,19,,,,,,,,,,,,,,,0,0,2,,,10,0,22,0,6,2,4,1
11/3/94,Wayne Rooney," £300,000.00 ", £300.00 ,178cm,64kg,5,16,0,15,0,30.87,31,2,8,0,0,0,96,1,52,72,1,67,1,2,28,1,64,120,96,9,71%,9,28,147,16%,0,,,,,,0,2,41,1,1,,,,,,,,
1/2/87,Wayne Routledge," £36,000.00 ", £36.00 ,203cm,96kg,14,2,0,22,0,28.48,52,0,6,,,,,,,,,,,,,4,480,,,,,,,,,,,,,,,1,17,73,,,197,22,496,0,198,95,52,28
2/13/95,Wes Morgan," £60,000.00 ", £60.00 ,172cm,68kg,2,2,2,0,0,2.5,2,0,0,0,0,0,0,0,0,0,0,0,0,0,0,0,1,2,4,0,0%,0,2,1,0%,0,0,0,0,1,1%,,,,,,,,,,,,,
5/2/98,Willian," £120,000.00 ", £120.00 ,185cm,64kg,0,0,0,0,0,0,0,0,0,0,0,0,0,0,0,0,0,0,0,0,0,0,0,0,0,0,0%,0,0,0,0%,0,0,0,0,0,0%,,,,,,,,,,,,,
3/29/91,Winston Reid," £60,000.00 ", £60.00 ,169cm,68kg,27,55,0.02,5,0,43.2,44,4,4,0,0,1,17,0,170,196,0,65,4,5,32,0,94,313,252,43,70%,66,55,393,29%,7,0,0,1,31,19%,,,,,,,,,,,,,
10/9/88,Xherdan Shaqiri," £65,000.00 ", £65.00 ,180cm,73kg,2,0,2,0,0,14.5,2,0,0,0,0,0,1,0,1,1,0,0,0,1,0,,,,,,,,,,,,0,0,0,1,1%,,,,,,,,,,,,,
9/9/91,Yannick Bolasie," £75,000.00 ", £75.00 ,179cm,67kg,73,124,0.16,22,0,40.41,128,19,16,2,2,17,296,5,69,284,13,107,19,84,36,0,242,594,730,79,76%,141,107,494,20%,18,2,2,18,267,32%,,,,,,,,,,,,,
6/27/97,Yaya Sanogo," £20,000.00 ", £20.00 ,183cm,75kg,0,0,2,2,0,5,2,0,0,0,0,0,0,0,0,0,0,0,0,0,0,0,0,1,0,0,0%,0,1,0,0%,0,0,0,0,0,0%,,,,,,,,,,,,,
1/15/94,Yaya Tour√©," £220,000.00 ", £220.00 ,188cm,88kg,36,76,0.07,15,0,49.8,71,4,15,3,1,1,71,0,133,138,2,194,6,18,123,3,203,359,298,159,80%,113,31,271,20%,6,0,0,2,48,19%,,,,,,,,,,,,,
2/13/94,Yohan Cabaye," £86,000.00 ", £86.00 ,176cm,78kg,15,21,0.06,9,0,20.34,32,0,3,0,1,1,92,2,10,14,9,9,1,18,5,,,,,,,,,,,,0,0,5,57,30%,,,,,,,,,,,,,
5/1/90,Younes Kaboul," £35,000.00 ", £35.00 ,188cm,79kg,20,110,0.17,42,1,38.32,76,5,13,3,5,5,24,5,90,168,1,76,5,27,47,0,203,561,503,172,76%,130,109,419,33%,14,0,0,11,112,35%,,,,,,,,,,,,,
7/11/90,Zlatan Ibrahimovic," £220,000.00 ", £220.00 ,192cm,76kg,100,0,0,37,0,20.82,172,0,1,,,,,,,,,,,,,6,"1,010",,,,,,,,,,,,,,,1,63,174,,,477,79,"1,365",2,665,133,61,63